timestamp,elapsed_s,cpu_percent,ram_percent,ram_used_gb,gpu_util_percent,gpu_mem_used_mb,gpu_mem_total_mb
2026-07-31T19:50:33,0.1,0.0,49.4,15.74,11.0,1514.0,8192.0
2026-07-31T19:50:35,2.1,32.8,50.8,16.18,22.0,1565.0,8192.0
2026-07-31T19:50:37,4.2,43.7,51.1,16.28,18.0,1546.0,8192.0
2026-07-31T19:50:39,6.2,24.2,51.1,16.29,31.0,1549.0,8192.0
2026-07-31T19:50:41,8.3,18.0,51.1,16.28,28.0,1563.0,8192.0
2026-07-31T19:50:43,10.3,16.9,51.1,16.28,36.0,1552.0,8192.0
2026-07-31T19:50:45,12.4,18.3,51.1,16.28,38.0,1552.0,8192.0
2026-07-31T19:50:47,14.4,22.6,51.1,16.27,36.0,1557.0,8192.0
2026-07-31T19:50:50,16.5,21.4,51.1,16.28,38.0,1551.0,8192.0
2026-07-31T19:50:52,18.6,19.3,51.1,16.28,31.0,1551.0,8192.0
2026-07-31T19:50:54,20.6,22.6,50.8,16.17,28.0,1555.0,8192.0
2026-07-31T19:50:56,22.7,24.5,50.8,16.17,39.0,1555.0,8192.0
2026-07-31T19:50:58,24.7,21.5,50.7,16.14,40.0,1550.0,8192.0
2026-07-31T19:51:00,26.8,17.4,50.7,16.14,35.0,1550.0,8192.0
2026-07-31T19:51:02,28.8,21.6,50.7,16.14,36.0,1555.0,8192.0
2026-07-31T19:51:04,30.9,20.7,50.7,16.14,34.0,1550.0,8192.0
2026-07-31T19:51:06,32.9,23.9,50.6,16.13,46.0,1546.0,8192.0
2026-07-31T19:51:08,35.0,16.5,50.6,16.13,52.0,1552.0,8192.0
2026-07-31T19:51:10,37.0,19.5,50.7,16.13,46.0,1546.0,8192.0
2026-07-31T19:51:12,39.1,22.1,50.6,16.12,49.0,1541.0,8192.0
2026-07-31T19:51:14,41.1,21.6,50.6,16.13,41.0,1541.0,8192.0
2026-07-31T19:51:16,43.2,18.6,50.6,16.13,50.0,1546.0,8192.0
2026-07-31T19:51:18,45.2,18.2,50.6,16.13,49.0,1540.0,8192.0
2026-07-31T19:51:20,47.3,20.8,50.6,16.13,52.0,1540.0,8192.0
2026-07-31T19:51:22,49.4,22.4,50.6,16.13,47.0,1546.0,8192.0
2026-07-31T19:51:24,51.4,17.8,50.6,16.13,49.0,1546.0,8192.0
2026-07-31T19:51:27,53.5,20.2,50.6,16.13,43.0,1540.0,8192.0
2026-07-31T19:51:29,55.5,21.8,50.6,16.13,50.0,1540.0,8192.0
2026-07-31T19:51:31,57.6,24.1,50.6,16.13,48.0,1546.0,8192.0
2026-07-31T19:51:33,59.6,16.9,50.6,16.12,29.0,1540.0,8192.0
2026-07-31T19:51:35,61.7,17.2,50.6,16.13,28.0,1540.0,8192.0
2026-07-31T19:51:37,63.7,21.5,50.6,16.12,29.0,1546.0,8192.0
2026-07-31T19:51:39,65.8,22.7,50.6,16.12,31.0,1545.0,8192.0
2026-07-31T19:51:41,67.8,21.1,50.5,16.1,29.0,1539.0,8192.0
2026-07-31T19:51:43,69.9,16.7,50.5,16.1,31.0,1544.0,8192.0
2026-07-31T19:51:45,71.9,21.5,50.6,16.11,30.0,1545.0,8192.0
2026-07-31T19:51:47,74.0,21.2,50.6,16.11,38.0,1539.0,8192.0
2026-07-31T19:51:49,76.0,17.9,50.6,16.1,33.0,1539.0,8192.0
2026-07-31T19:51:51,78.1,20.5,50.6,16.11,35.0,1547.0,8192.0
2026-07-31T19:51:53,80.2,19.2,50.6,16.11,23.0,1541.0,8192.0
2026-07-31T19:51:55,82.2,24.2,50.6,16.11,35.0,1541.0,8192.0
2026-07-31T19:51:57,84.3,23.4,50.6,16.11,27.0,1546.0,8192.0
2026-07-31T19:51:59,86.3,18.0,50.6,16.11,23.0,1548.0,8192.0
2026-07-31T19:52:01,88.4,17.2,50.6,16.11,27.0,1541.0,8192.0
2026-07-31T19:52:03,90.4,20.4,50.6,16.11,34.0,1541.0,8192.0
2026-07-31T19:52:06,92.5,21.2,50.6,16.11,26.0,1547.0,8192.0
2026-07-31T19:52:08,94.6,13.4,50.6,16.11,27.0,1541.0,8192.0
2026-07-31T19:52:10,96.6,16.2,50.6,16.11,26.0,1541.0,8192.0
2026-07-31T19:52:12,98.6,21.4,50.6,16.11,37.0,1547.0,8192.0
2026-07-31T19:52:14,100.7,22.7,50.6,16.11,30.0,1547.0,8192.0
2026-07-31T19:52:16,102.8,16.7,50.6,16.12,28.0,1541.0,8192.0
2026-07-31T19:52:18,104.8,20.6,50.6,16.1,37.0,1542.0,8192.0
2026-07-31T19:52:20,106.9,19.9,50.6,16.1,25.0,1546.0,8192.0
2026-07-31T19:52:22,108.9,21.9,50.6,16.1,39.0,1541.0,8192.0
2026-07-31T19:52:24,111.0,15.1,50.6,16.1,28.0,1541.0,8192.0
2026-07-31T19:52:26,113.0,19.3,50.6,16.1,41.0,1546.0,8192.0
2026-07-31T19:52:28,115.1,18.3,50.5,16.1,27.0,1546.0,8192.0
2026-07-31T19:52:30,117.1,21.4,50.6,16.1,38.0,1541.0,8192.0
2026-07-31T19:52:32,119.2,20.4,50.6,16.1,35.0,1546.0,8192.0
2026-07-31T19:52:34,121.2,18.5,50.6,16.1,35.0,1547.0,8192.0
2026-07-31T19:52:36,123.3,17.6,50.6,16.1,38.0,1541.0,8192.0
2026-07-31T19:52:38,125.4,21.1,50.6,16.1,39.0,1541.0,8192.0
2026-07-31T19:52:40,127.4,18.9,50.6,16.11,31.0,1547.0,8192.0
2026-07-31T19:52:43,129.5,19.6,50.6,16.11,41.0,1541.0,8192.0
2026-07-31T19:52:45,131.5,19.3,50.6,16.11,43.0,1541.0,8192.0
2026-07-31T19:52:47,133.6,21.5,50.6,16.1,30.0,1547.0,8192.0
2026-07-31T19:52:49,135.6,20.8,50.6,16.11,39.0,1554.0,8192.0
2026-07-31T19:52:51,137.7,20.2,50.6,16.12,40.0,1549.0,8192.0
2026-07-31T19:52:53,139.7,16.6,50.6,16.12,40.0,1549.0,8192.0
2026-07-31T19:52:55,141.8,22.2,50.6,16.11,38.0,1554.0,8192.0
2026-07-31T19:52:57,143.8,21.2,50.6,16.11,38.0,1549.0,8192.0
2026-07-31T19:52:59,145.9,14.6,50.6,16.11,40.0,1549.0,8192.0
2026-07-31T19:53:01,147.9,21.6,50.5,16.07,38.0,1554.0,8192.0
2026-07-31T19:53:03,150.0,20.4,50.4,16.06,36.0,1554.0,8192.0
2026-07-31T19:53:05,152.0,22.7,50.4,16.06,30.0,1548.0,8192.0
2026-07-31T19:53:07,154.1,17.4,50.4,16.06,31.0,1548.0,8192.0
2026-07-31T19:53:09,156.1,19.2,50.5,16.07,29.0,1554.0,8192.0
2026-07-31T19:53:11,158.2,20.7,50.5,16.07,30.0,1549.0,8192.0
2026-07-31T19:53:13,160.2,22.7,50.4,16.07,32.0,1549.0,8192.0
2026-07-31T19:53:15,162.3,19.6,50.5,16.07,29.0,1554.0,8192.0
2026-07-31T19:53:17,164.3,18.9,50.5,16.07,27.0,1554.0,8192.0
2026-07-31T19:53:19,166.4,19.0,50.5,16.07,34.0,1549.0,8192.0
2026-07-31T19:53:21,168.4,23.1,50.5,16.07,26.0,1549.0,8192.0
2026-07-31T19:53:24,170.5,18.3,50.4,16.06,31.0,1554.0,8192.0
2026-07-31T19:53:26,172.6,18.0,50.5,16.08,29.0,1549.0,8192.0
2026-07-31T19:53:28,174.6,19.6,50.5,16.07,35.0,1549.0,8192.0
2026-07-31T19:53:30,176.7,26.0,50.4,16.06,29.0,1554.0,8192.0
2026-07-31T19:53:32,178.7,21.7,50.4,16.06,28.0,1549.0,8192.0
2026-07-31T19:53:34,180.8,17.5,50.4,16.05,32.0,1549.0,8192.0
2026-07-31T19:53:36,182.8,21.4,50.4,16.06,28.0,1554.0,8192.0
2026-07-31T19:53:38,184.9,23.5,50.4,16.05,30.0,1556.0,8192.0
2026-07-31T19:53:40,186.9,16.3,50.4,16.06,27.0,1549.0,8192.0
2026-07-31T19:53:42,189.0,16.9,50.4,16.06,32.0,1549.0,8192.0
2026-07-31T19:53:44,191.1,20.2,50.4,16.06,39.0,1555.0,8192.0
2026-07-31T19:53:46,193.1,23.3,50.5,16.07,37.0,1549.0,8192.0
2026-07-31T19:53:48,195.2,27.1,49.0,15.61,31.0,1549.0,8192.0
2026-07-31T19:53:50,197.2,20.5,48.3,15.39,38.0,1555.0,8192.0
2026-07-31T19:53:52,199.3,18.9,48.3,15.39,27.0,1554.0,8192.0
2026-07-31T19:53:54,201.3,18.9,48.3,15.39,28.0,1549.0,8192.0
2026-07-31T19:53:56,203.4,25.9,48.3,15.39,30.0,1549.0,8192.0
2026-07-31T19:53:59,205.5,18.0,48.3,15.39,38.0,1554.0,8192.0
2026-07-31T19:54:01,207.5,17.4,48.3,15.39,29.0,1549.0,8192.0
2026-07-31T19:54:03,209.6,21.0,48.3,15.39,30.0,1549.0,8192.0
2026-07-31T19:54:05,211.6,21.6,48.3,15.39,41.0,1554.0,8192.0
2026-07-31T19:54:07,213.7,20.4,48.3,15.39,31.0,1554.0,8192.0
2026-07-31T19:54:09,215.7,16.7,48.3,15.39,26.0,1549.0,8192.0
2026-07-31T19:54:11,217.8,18.4,48.3,15.39,41.0,1549.0,8192.0
2026-07-31T19:54:13,219.8,24.8,48.3,15.39,36.0,1549.0,8192.0
2026-07-31T19:54:15,221.9,16.3,48.3,15.39,38.0,1554.0,8192.0
2026-07-31T19:54:17,223.9,21.5,48.3,15.39,38.0,1554.0,8192.0
2026-07-31T19:54:19,226.0,18.2,48.3,15.39,37.0,1549.0,8192.0
2026-07-31T19:54:21,228.1,23.5,48.3,15.39,41.0,1549.0,8192.0
2026-07-31T19:54:23,230.1,19.7,48.3,15.39,38.0,1554.0,8192.0
2026-07-31T19:54:25,232.2,17.2,48.3,15.39,39.0,1549.0,8192.0
2026-07-31T19:54:27,234.2,19.1,48.3,15.39,38.0,1549.0,8192.0
2026-07-31T19:54:29,236.3,20.9,48.3,15.39,40.0,1554.0,8192.0
2026-07-31T19:54:31,238.4,18.8,48.3,15.39,43.0,1554.0,8192.0
2026-07-31T19:54:33,240.4,17.2,48.3,15.39,34.0,1549.0,8192.0
2026-07-31T19:54:36,242.5,19.4,48.3,15.39,37.0,1549.0,8192.0
2026-07-31T19:54:38,244.5,23.1,48.3,15.38,38.0,1554.0,8192.0
2026-07-31T19:54:40,246.6,22.9,48.5,15.43,31.0,1549.0,8192.0
2026-07-31T19:54:42,248.7,18.6,48.4,15.4,39.0,1549.0,8192.0
2026-07-31T19:54:44,250.7,18.0,48.3,15.39,38.0,1555.0,8192.0
2026-07-31T19:54:46,252.8,22.9,48.4,15.4,31.0,1555.0,8192.0
2026-07-31T19:54:48,254.8,20.6,48.4,15.4,19.0,1549.0,8192.0
2026-07-31T19:54:50,256.9,21.6,48.4,15.4,35.0,1549.0,8192.0
2026-07-31T19:54:52,258.9,18.0,48.4,15.4,32.0,1547.0,8192.0
2026-07-31T19:54:54,260.9,19.8,48.3,15.4,30.0,1547.0,8192.0
2026-07-31T19:54:56,263.0,21.8,48.4,15.4,31.0,1545.0,8192.0
2026-07-31T19:54:58,265.1,20.8,48.4,15.4,26.0,1539.0,8192.0
2026-07-31T19:55:00,267.1,19.1,48.4,15.41,34.0,1539.0,8192.0
2026-07-31T19:55:02,269.2,24.4,48.4,15.41,36.0,1545.0,8192.0
2026-07-31T19:55:04,271.2,21.3,48.4,15.41,30.0,1539.0,8192.0
2026-07-31T19:55:06,273.3,17.5,48.4,15.41,31.0,1539.0,8192.0
2026-07-31T19:55:08,275.4,19.8,48.4,15.4,34.0,1545.0,8192.0
2026-07-31T19:55:10,277.4,20.9,48.4,15.41,37.0,1554.0,8192.0
2026-07-31T19:55:13,279.5,23.9,48.4,15.41,41.0,1542.0,8192.0
2026-07-31T19:55:15,281.5,15.4,48.4,15.4,34.0,1553.0,8192.0
2026-07-31T19:55:17,283.6,18.4,48.4,15.42,29.0,1553.0,8192.0
2026-07-31T19:55:19,285.7,20.3,48.4,15.4,29.0,1542.0,8192.0
2026-07-31T19:55:21,287.7,21.1,48.4,15.41,30.0,1551.0,8192.0
2026-07-31T19:55:23,289.8,17.2,48.4,15.4,31.0,1541.0,8192.0
2026-07-31T19:55:25,291.8,18.8,48.4,15.4,26.0,1547.0,8192.0
2026-07-31T19:55:27,293.9,19.9,48.4,15.41,28.0,1546.0,8192.0
2026-07-31T19:55:29,295.9,23.0,48.4,15.4,30.0,1540.0,8192.0
2026-07-31T19:55:31,298.0,17.0,48.4,15.4,34.0,1540.0,8192.0
2026-07-31T19:55:33,300.0,19.7,48.4,15.41,26.0,1545.0,8192.0
2026-07-31T19:55:35,302.1,18.4,48.4,15.4,30.0,1539.0,8192.0
2026-07-31T19:55:37,304.1,25.6,48.4,15.4,38.0,1539.0,8192.0
2026-07-31T19:55:39,306.2,20.4,48.4,15.4,26.0,1545.0,8192.0
2026-07-31T19:55:41,308.3,20.4,48.3,15.39,36.0,1553.0,8192.0
2026-07-31T19:55:43,310.3,18.7,48.3,15.38,28.0,1547.0,8192.0
2026-07-31T19:55:45,312.4,20.8,48.3,15.38,36.0,1552.0,8192.0
2026-07-31T19:55:47,314.4,20.7,48.3,15.38,12.0,1552.0,8192.0
2026-07-31T19:55:50,316.4,18.5,48.3,15.38,30.0,1547.0,8192.0
2026-07-31T19:55:52,318.5,17.4,48.3,15.38,36.0,1547.0,8192.0
2026-07-31T19:55:54,320.5,23.3,48.3,15.38,28.0,1553.0,8192.0
2026-07-31T19:55:56,322.6,21.5,48.3,15.38,30.0,1547.0,8192.0
2026-07-31T19:55:58,324.6,18.5,48.3,15.38,34.0,1547.0,8192.0
2026-07-31T19:56:00,326.7,20.8,48.3,15.37,31.0,1553.0,8192.0
2026-07-31T19:56:02,328.8,22.8,48.3,15.38,28.0,1547.0,8192.0
2026-07-31T19:56:04,330.8,20.1,48.3,15.37,30.0,1547.0,8192.0
2026-07-31T19:56:06,332.8,16.4,48.3,15.38,27.0,1553.0,8192.0
2026-07-31T19:56:08,334.9,20.6,48.3,15.38,38.0,1553.0,8192.0
2026-07-31T19:56:10,336.9,20.1,48.3,15.38,39.0,1539.0,8192.0
2026-07-31T19:56:12,339.0,23.1,48.3,15.38,34.0,1539.0,8192.0
2026-07-31T19:56:14,341.1,18.2,48.3,15.38,39.0,1545.0,8192.0
2026-07-31T19:56:16,343.1,16.4,48.3,15.38,35.0,1539.0,8192.0
2026-07-31T19:56:18,345.2,18.9,48.3,15.38,36.0,1539.0,8192.0
2026-07-31T19:56:20,347.2,24.2,48.3,15.38,39.0,1545.0,8192.0
2026-07-31T19:56:22,349.3,17.9,48.3,15.39,35.0,1545.0,8192.0
2026-07-31T19:56:24,351.3,19.6,48.3,15.38,34.0,1539.0,8192.0
2026-07-31T19:56:26,353.4,17.5,48.3,15.38,38.0,1539.0,8192.0
2026-07-31T19:56:28,355.4,22.3,48.3,15.37,37.0,1539.0,8192.0
2026-07-31T19:56:31,357.5,24.2,48.3,15.38,56.0,1539.0,8192.0
2026-07-31T19:56:33,359.5,17.3,48.3,15.38,57.0,1545.0,8192.0
2026-07-31T19:56:35,361.6,20.8,48.3,15.37,41.0,1545.0,8192.0
2026-07-31T19:56:37,363.6,21.9,48.3,15.39,25.0,1539.0,8192.0
2026-07-31T19:56:39,365.7,24.8,48.3,15.39,37.0,1539.0,8192.0
2026-07-31T19:56:41,367.8,21.2,48.3,15.4,33.0,1553.0,8192.0
2026-07-31T19:56:43,369.8,22.9,48.3,15.39,28.0,1547.0,8192.0
2026-07-31T19:56:45,371.9,25.3,48.3,15.38,35.0,1547.0,8192.0
2026-07-31T19:56:47,373.9,20.3,48.3,15.39,38.0,1547.0,8192.0
2026-07-31T19:56:49,376.0,19.2,48.3,15.38,39.0,1553.0,8192.0
2026-07-31T19:56:51,378.1,20.0,48.3,15.38,30.0,1547.0,8192.0
2026-07-31T19:56:53,380.1,21.5,48.3,15.38,35.0,1547.0,8192.0
2026-07-31T19:56:55,382.2,20.4,48.3,15.38,40.0,1553.0,8192.0
2026-07-31T19:56:57,384.2,16.6,48.3,15.39,36.0,1553.0,8192.0
2026-07-31T19:56:59,386.3,19.4,48.3,15.38,26.0,1547.0,8192.0
2026-07-31T19:57:01,388.3,20.5,48.3,15.38,37.0,1547.0,8192.0
2026-07-31T19:57:03,390.4,23.2,48.3,15.38,36.0,1547.0,8192.0
2026-07-31T19:57:05,392.4,18.8,48.3,15.38,40.0,1547.0,8192.0
2026-07-31T19:57:08,394.5,19.0,48.3,15.39,35.0,1553.0,8192.0
2026-07-31T19:57:10,396.6,21.1,48.3,15.38,38.0,1553.0,8192.0
2026-07-31T19:57:12,398.6,25.5,48.3,15.39,37.0,1547.0,8192.0
2026-07-31T19:57:14,400.7,18.6,48.3,15.39,40.0,1552.0,8192.0
2026-07-31T19:57:16,402.7,19.6,48.3,15.39,44.0,1554.0,8192.0
2026-07-31T19:57:18,404.8,23.3,48.3,15.39,29.0,1549.0,8192.0
2026-07-31T19:57:20,406.9,20.6,48.3,15.39,37.0,1549.0,8192.0
2026-07-31T19:57:22,408.9,22.1,48.3,15.39,40.0,1554.0,8192.0
2026-07-31T19:57:24,411.0,17.3,48.3,15.39,27.0,1549.0,8192.0
2026-07-31T19:57:26,413.0,18.6,48.3,15.39,38.0,1549.0,8192.0
2026-07-31T19:57:28,415.1,22.7,48.3,15.4,41.0,1549.0,8192.0
2026-07-31T19:57:30,417.1,19.0,48.3,15.39,30.0,1549.0,8192.0
2026-07-31T19:57:32,419.2,17.8,48.4,15.4,38.0,1555.0,8192.0
2026-07-31T19:57:34,421.2,20.3,48.3,15.39,39.0,1549.0,8192.0
2026-07-31T19:57:36,423.3,19.5,48.3,15.39,29.0,1549.0,8192.0
2026-07-31T19:57:38,425.3,21.9,48.3,15.39,39.0,1555.0,8192.0
2026-07-31T19:57:40,427.4,15.4,48.3,15.39,42.0,1562.0,8192.0
2026-07-31T19:57:43,429.5,19.4,48.4,15.4,36.0,1552.0,8192.0
2026-07-31T19:57:45,431.5,21.3,48.3,15.39,29.0,1561.0,8192.0
2026-07-31T19:57:47,433.6,21.0,48.3,15.39,33.0,1561.0,8192.0
2026-07-31T19:57:49,435.6,17.6,48.3,15.39,28.0,1561.0,8192.0
2026-07-31T19:57:51,437.7,17.9,48.3,15.38,31.0,1552.0,8192.0
2026-07-31T19:57:53,439.8,20.8,48.3,15.38,37.0,1551.0,8192.0
2026-07-31T19:57:55,441.8,21.9,48.3,15.38,38.0,1556.0,8192.0
2026-07-31T19:57:57,443.9,16.9,48.3,15.37,39.0,1555.0,8192.0
2026-07-31T19:57:59,445.9,18.2,48.3,15.37,40.0,1549.0,8192.0
2026-07-31T19:58:01,447.9,20.6,48.3,15.37,27.0,1552.0,8192.0
2026-07-31T19:58:03,450.0,24.1,48.3,15.38,39.0,1563.0,8192.0
2026-07-31T19:58:05,452.0,16.5,48.3,15.38,28.0,1552.0,8192.0
2026-07-31T19:58:07,454.1,17.5,48.3,15.38,38.0,1550.0,8192.0
2026-07-31T19:58:09,456.1,18.8,48.3,15.38,38.0,1554.0,8192.0
2026-07-31T19:58:11,458.2,22.6,48.3,15.38,28.0,1564.0,8192.0
2026-07-31T19:58:13,460.3,20.0,48.3,15.38,38.0,1551.0,8192.0
2026-07-31T19:58:15,462.3,16.5,48.3,15.38,37.0,1551.0,8192.0
2026-07-31T19:58:17,464.3,19.5,48.3,15.38,38.0,1556.0,8192.0
2026-07-31T19:58:19,466.4,29.7,48.4,15.4,40.0,1554.0,8192.0
2026-07-31T19:58:22,468.5,21.3,48.4,15.41,38.0,1551.0,8192.0
2026-07-31T19:58:24,470.5,21.6,48.4,15.41,39.0,1556.0,8192.0
2026-07-31T19:58:26,472.6,20.5,48.4,15.41,38.0,1556.0,8192.0
2026-07-31T19:58:28,474.6,24.1,48.4,15.42,25.0,1551.0,8192.0
2026-07-31T19:58:30,476.7,21.5,48.4,15.41,35.0,1551.0,8192.0
2026-07-31T19:58:32,478.7,18.1,48.4,15.41,30.0,1551.0,8192.0
2026-07-31T19:58:34,480.8,22.8,48.4,15.41,34.0,1556.0,8192.0
2026-07-31T19:58:36,482.8,23.8,48.4,15.41,31.0,1556.0,8192.0
2026-07-31T19:58:38,484.9,20.0,48.4,15.41,32.0,1551.0,8192.0
2026-07-31T19:58:40,486.9,16.6,48.4,15.41,34.0,1556.0,8192.0
2026-07-31T19:58:42,489.0,18.9,48.4,15.4,33.0,1556.0,8192.0
2026-07-31T19:58:44,491.1,23.4,48.4,15.4,26.0,1551.0,8192.0
2026-07-31T19:58:46,493.1,21.5,48.4,15.4,31.0,1551.0,8192.0
2026-07-31T19:58:48,495.2,19.3,48.4,15.41,31.0,1557.0,8192.0
2026-07-31T19:58:50,497.2,19.2,48.4,15.4,31.0,1556.0,8192.0
2026-07-31T19:58:52,499.3,19.9,48.4,15.4,28.0,1551.0,8192.0
2026-07-31T19:58:54,501.3,23.4,48.3,15.4,31.0,1556.0,8192.0
2026-07-31T19:58:56,503.4,19.2,48.4,15.4,24.0,1556.0,8192.0
2026-07-31T19:58:58,505.4,17.0,48.4,15.4,36.0,1551.0,8192.0
2026-07-31T19:59:01,507.5,23.3,48.4,15.4,37.0,1551.0,8192.0
2026-07-31T19:59:03,509.6,23.2,48.4,15.4,38.0,1556.0,8192.0
2026-07-31T19:59:05,511.6,20.7,48.4,15.4,37.0,1556.0,8192.0
2026-07-31T19:59:07,513.7,18.3,48.4,15.4,36.0,1550.0,8192.0
2026-07-31T19:59:09,515.7,20.2,48.4,15.4,42.0,1555.0,8192.0
2026-07-31T19:59:11,517.8,23.5,48.4,15.4,35.0,1555.0,8192.0
2026-07-31T19:59:13,519.8,16.3,48.4,15.4,37.0,1550.0,8192.0
2026-07-31T19:59:15,521.9,20.4,48.4,15.4,25.0,1541.0,8192.0
2026-07-31T19:59:17,524.0,18.1,48.4,15.4,35.0,1541.0,8192.0
2026-07-31T19:59:19,526.0,24.4,48.3,15.4,35.0,1541.0,8192.0
2026-07-31T19:59:21,528.1,19.4,48.4,15.4,42.0,1547.0,8192.0
2026-07-31T19:59:23,530.1,18.7,48.4,15.41,38.0,1541.0,8192.0
2026-07-31T19:59:25,532.2,19.8,48.4,15.4,27.0,1541.0,8192.0
2026-07-31T19:59:27,534.2,24.1,48.4,15.4,36.0,1547.0,8192.0
2026-07-31T19:59:29,536.3,20.9,48.4,15.41,38.0,1547.0,8192.0
2026-07-31T19:59:31,538.3,15.7,48.4,15.4,40.0,1541.0,8192.0
2026-07-31T19:59:33,540.4,19.0,48.4,15.41,36.0,1541.0,8192.0
2026-07-31T19:59:35,542.4,22.0,48.4,15.41,37.0,1547.0,8192.0
2026-07-31T19:59:38,544.5,22.0,48.4,15.4,37.0,1541.0,8192.0
2026-07-31T19:59:40,546.5,19.2,48.3,15.39,39.0,1541.0,8192.0
2026-07-31T19:59:42,548.6,16.4,48.3,15.39,39.0,1555.0,8192.0
2026-07-31T19:59:44,550.7,21.7,48.4,15.4,35.0,1564.0,8192.0
2026-07-31T19:59:46,552.7,23.5,48.3,15.39,36.0,1561.0,8192.0
2026-07-31T19:59:48,554.8,16.1,48.3,15.39,41.0,1552.0,8192.0
2026-07-31T19:59:50,556.9,20.4,48.3,15.39,38.0,1557.0,8192.0
2026-07-31T19:59:52,558.9,20.1,48.3,15.39,36.0,1556.0,8192.0
2026-07-31T19:59:54,561.0,25.9,48.3,15.39,39.0,1549.0,8192.0
2026-07-31T19:59:56,563.0,18.4,48.4,15.4,36.0,1549.0,8192.0
2026-07-31T19:59:58,565.1,22.4,48.4,15.4,36.0,1557.0,8192.0
2026-07-31T20:00:00,567.1,20.6,48.4,15.4,40.0,1551.0,8192.0
2026-07-31T20:00:02,569.2,22.5,48.4,15.41,28.0,1551.0,8192.0
2026-07-31T20:00:04,571.2,18.8,48.4,15.41,39.0,1556.0,8192.0
2026-07-31T20:00:06,573.3,19.7,48.4,15.41,31.0,1551.0,8192.0
2026-07-31T20:00:08,575.4,17.4,48.4,15.42,36.0,1551.0,8192.0
2026-07-31T20:00:10,577.4,25.5,48.4,15.41,33.0,1556.0,8192.0
2026-07-31T20:00:13,579.5,19.2,48.4,15.41,39.0,1556.0,8192.0
2026-07-31T20:00:15,581.5,18.3,48.4,15.41,39.0,1551.0,8192.0
2026-07-31T20:00:17,583.6,17.6,48.4,15.41,40.0,1551.0,8192.0
2026-07-31T20:00:19,585.7,25.3,48.4,15.42,27.0,1558.0,8192.0
2026-07-31T20:00:21,587.7,20.4,48.4,15.41,38.0,1565.0,8192.0
2026-07-31T20:00:23,589.8,18.0,48.4,15.42,40.0,1565.0,8192.0
2026-07-31T20:00:25,591.8,24.5,48.4,15.41,40.0,1560.0,8192.0
2026-07-31T20:00:27,593.9,24.8,48.4,15.41,37.0,1559.0,8192.0
2026-07-31T20:00:29,595.9,24.1,48.4,15.41,27.0,1553.0,8192.0
2026-07-31T20:00:31,598.0,17.9,48.4,15.41,40.0,1551.0,8192.0
2026-07-31T20:00:33,600.0,21.2,48.4,15.41,41.0,1557.0,8192.0
2026-07-31T20:00:35,602.1,20.0,48.4,15.41,67.0,1551.0,8192.0
2026-07-31T20:00:37,604.1,25.8,48.4,15.41,32.0,1551.0,8192.0
2026-07-31T20:00:39,606.2,17.7,48.4,15.41,41.0,1556.0,8192.0
2026-07-31T20:00:41,608.3,22.9,48.4,15.41,36.0,1557.0,8192.0
2026-07-31T20:00:43,610.3,17.3,48.4,15.41,39.0,1552.0,8192.0
2026-07-31T20:00:45,612.4,25.0,48.4,15.41,37.0,1552.0,8192.0
2026-07-31T20:00:47,614.4,21.2,48.4,15.4,37.0,1557.0,8192.0
2026-07-31T20:00:50,616.5,18.8,48.4,15.41,39.0,1551.0,8192.0
2026-07-31T20:00:52,618.5,17.0,48.4,15.41,41.0,1551.0,8192.0
2026-07-31T20:00:54,620.6,25.6,48.4,15.41,38.0,1556.0,8192.0
2026-07-31T20:00:56,622.6,18.3,48.4,15.41,35.0,1551.0,8192.0
2026-07-31T20:00:58,624.7,18.8,48.4,15.41,35.0,1551.0,8192.0
2026-07-31T20:01:00,626.8,26.2,48.5,15.43,36.0,1556.0,8192.0
2026-07-31T20:01:02,628.8,23.8,48.5,15.43,36.0,1556.0,8192.0
2026-07-31T20:01:04,630.9,18.6,48.5,15.43,36.0,1551.0,8192.0
2026-07-31T20:01:06,632.9,19.4,48.4,15.43,37.0,1551.0,8192.0
2026-07-31T20:01:08,635.0,21.4,48.4,15.41,40.0,1555.0,8192.0
2026-07-31T20:01:10,637.0,24.5,48.4,15.41,24.0,1549.0,8192.0
2026-07-31T20:01:12,639.1,20.4,48.4,15.41,39.0,1549.0,8192.0
2026-07-31T20:01:14,641.2,18.1,48.4,15.42,43.0,1555.0,8192.0
2026-07-31T20:01:16,643.2,20.0,48.4,15.41,38.0,1555.0,8192.0
2026-07-31T20:01:18,645.3,21.9,48.4,15.4,34.0,1541.0,8192.0
2026-07-31T20:01:20,647.3,21.4,48.4,15.4,39.0,1541.0,8192.0
2026-07-31T20:01:22,649.4,18.9,48.4,15.4,35.0,1547.0,8192.0
2026-07-31T20:01:24,651.4,20.3,48.4,15.41,36.0,1541.0,8192.0
2026-07-31T20:01:27,653.5,20.6,48.4,15.4,16.0,1541.0,8192.0
2026-07-31T20:01:29,655.5,21.6,48.4,15.4,41.0,1546.0,8192.0
2026-07-31T20:01:31,657.6,22.2,48.3,15.39,32.0,1547.0,8192.0
2026-07-31T20:01:33,659.6,19.0,48.4,15.4,28.0,1541.0,8192.0
2026-07-31T20:01:35,661.7,23.3,48.4,15.4,32.0,1541.0,8192.0
2026-07-31T20:01:37,663.7,20.5,48.4,15.4,36.0,1547.0,8192.0
2026-07-31T20:01:39,665.8,17.1,48.4,15.4,28.0,1541.0,8192.0
2026-07-31T20:01:41,667.8,20.2,48.4,15.4,32.0,1549.0,8192.0
2026-07-31T20:01:43,669.9,23.3,48.4,15.4,38.0,1555.0,8192.0
2026-07-31T20:01:45,672.0,26.3,48.4,15.42,38.0,1549.0,8192.0
2026-07-31T20:01:47,674.0,17.9,48.4,15.41,38.0,1549.0,8192.0
2026-07-31T20:01:49,676.1,19.6,48.4,15.42,26.0,1554.0,8192.0
2026-07-31T20:01:51,678.1,22.2,48.4,15.41,25.0,1555.0,8192.0
2026-07-31T20:01:53,680.1,22.7,48.4,15.41,38.0,1549.0,8192.0
2026-07-31T20:01:55,682.2,16.6,48.4,15.41,36.0,1549.0,8192.0
2026-07-31T20:01:57,684.2,21.1,48.4,15.41,31.0,1555.0,8192.0
2026-07-31T20:01:59,686.3,20.1,48.4,15.41,33.0,1549.0,8192.0
2026-07-31T20:02:01,688.4,22.6,48.4,15.41,34.0,1549.0,8192.0
2026-07-31T20:02:03,690.4,17.0,48.4,15.41,28.0,1555.0,8192.0
2026-07-31T20:02:06,692.5,17.0,48.4,15.42,29.0,1555.0,8192.0
2026-07-31T20:02:08,694.5,16.1,48.4,15.42,30.0,1549.0,8192.0
2026-07-31T20:02:10,696.6,21.1,48.4,15.4,28.0,1549.0,8192.0
2026-07-31T20:02:12,698.6,24.1,48.4,15.4,34.0,1547.0,8192.0
2026-07-31T20:02:14,700.7,16.7,48.4,15.4,27.0,1541.0,8192.0
2026-07-31T20:02:16,702.7,15.1,48.4,15.4,36.0,1541.0,8192.0
2026-07-31T20:02:18,704.8,21.7,48.4,15.4,43.0,1547.0,8192.0
2026-07-31T20:02:20,706.8,21.0,48.3,15.39,41.0,1547.0,8192.0
2026-07-31T20:02:22,708.9,16.1,48.3,15.39,37.0,1541.0,8192.0
2026-07-31T20:02:24,710.9,18.4,48.3,15.39,37.0,1541.0,8192.0
2026-07-31T20:02:26,713.0,22.1,48.3,15.39,40.0,1547.0,8192.0
2026-07-31T20:02:28,715.1,20.9,48.3,15.39,24.0,1541.0,8192.0
2026-07-31T20:02:30,717.1,16.9,48.3,15.4,30.0,1541.0,8192.0
2026-07-31T20:02:32,719.2,17.8,48.4,15.4,27.0,1547.0,8192.0
2026-07-31T20:02:34,721.2,21.5,48.4,15.4,32.0,1545.0,8192.0
2026-07-31T20:02:36,723.3,23.4,48.4,15.4,34.0,1541.0,8192.0
2026-07-31T20:02:38,725.4,20.5,48.4,15.4,35.0,1546.0,8192.0
2026-07-31T20:02:40,727.4,18.6,48.4,15.4,28.0,1564.0,8192.0
2026-07-31T20:02:43,729.5,20.8,48.4,15.4,34.0,1553.0,8192.0
2026-07-31T20:02:45,731.5,20.8,48.4,15.4,33.0,1550.0,8192.0
2026-07-31T20:02:47,733.6,15.6,48.4,15.4,25.0,1551.0,8192.0
2026-07-31T20:02:49,735.6,16.8,48.4,15.4,30.0,1550.0,8192.0
2026-07-31T20:02:51,737.7,17.1,48.4,15.41,41.0,1563.0,8192.0
2026-07-31T20:02:53,739.8,22.0,48.4,15.41,41.0,1551.0,8192.0
2026-07-31T20:02:55,741.8,16.6,48.4,15.4,37.0,1549.0,8192.0
2026-07-31T20:02:57,743.9,18.2,48.4,15.4,34.0,1555.0,8192.0
2026-07-31T20:02:59,745.9,19.1,48.4,15.4,39.0,1549.0,8192.0
2026-07-31T20:03:01,748.0,25.2,48.4,15.4,22.0,1549.0,8192.0
2026-07-31T20:03:03,750.1,18.9,48.4,15.4,35.0,1551.0,8192.0
2026-07-31T20:03:05,752.1,15.8,48.3,15.4,41.0,1551.0,8192.0
2026-07-31T20:03:07,754.2,22.3,48.3,15.39,34.0,1556.0,8192.0
2026-07-31T20:03:09,756.2,21.0,48.3,15.39,38.0,1551.0,8192.0
2026-07-31T20:03:11,758.3,21.1,48.3,15.39,38.0,1551.0,8192.0
2026-07-31T20:03:13,760.3,15.7,48.3,15.4,44.0,1556.0,8192.0
2026-07-31T20:03:15,762.4,18.2,48.4,15.4,30.0,1556.0,8192.0
2026-07-31T20:03:18,764.5,20.2,48.4,15.4,38.0,1551.0,8192.0
2026-07-31T20:03:20,766.5,19.1,48.4,15.4,40.0,1551.0,8192.0
2026-07-31T20:03:22,768.5,18.5,48.3,15.4,70.0,1556.0,8192.0
2026-07-31T20:03:24,770.6,16.9,48.3,15.4,37.0,1551.0,8192.0
2026-07-31T20:03:26,772.6,21.9,48.3,15.39,34.0,1551.0,8192.0
2026-07-31T20:03:28,774.7,21.5,48.3,15.39,46.0,1566.0,8192.0
2026-07-31T20:03:30,776.7,16.2,48.3,15.39,38.0,1554.0,8192.0
2026-07-31T20:03:32,778.8,17.6,48.3,15.39,39.0,1562.0,8192.0
2026-07-31T20:03:34,780.9,22.5,48.3,15.39,38.0,1553.0,8192.0
2026-07-31T20:03:36,782.9,24.1,48.3,15.39,39.0,1553.0,8192.0
2026-07-31T20:03:38,785.0,19.7,48.3,15.4,36.0,1557.0,8192.0
2026-07-31T20:03:40,787.0,17.0,48.3,15.39,38.0,1551.0,8192.0
2026-07-31T20:03:42,789.1,20.6,48.3,15.39,40.0,1549.0,8192.0
2026-07-31T20:03:44,791.1,22.9,48.3,15.39,37.0,1549.0,8192.0
2026-07-31T20:03:46,793.2,16.5,48.3,15.4,39.0,1549.0,8192.0
2026-07-31T20:03:48,795.2,20.2,47.8,15.22,34.0,1549.0,8192.0
2026-07-31T20:03:50,797.3,18.1,47.8,15.22,34.0,1549.0,8192.0
2026-07-31T20:03:52,799.3,22.8,47.8,15.23,27.0,1549.0,8192.0
2026-07-31T20:03:54,801.4,19.0,47.8,15.23,24.0,1555.0,8192.0
2026-07-31T20:03:57,803.5,19.2,47.8,15.23,33.0,1541.0,8192.0
2026-07-31T20:03:59,805.5,23.1,47.8,15.22,29.0,1541.0,8192.0
2026-07-31T20:04:01,807.6,22.3,47.8,15.22,31.0,1547.0,8192.0
2026-07-31T20:04:03,809.7,21.5,47.8,15.21,46.0,1547.0,8192.0
2026-07-31T20:04:05,811.7,17.2,47.8,15.22,46.0,1541.0,8192.0
2026-07-31T20:04:07,813.8,18.7,47.8,15.21,50.0,1541.0,8192.0
2026-07-31T20:04:09,815.8,21.0,47.8,15.22,37.0,1547.0,8192.0
2026-07-31T20:04:11,817.9,21.7,47.8,15.22,39.0,1541.0,8192.0
2026-07-31T20:04:13,819.9,16.6,47.8,15.22,36.0,1541.0,8192.0
2026-07-31T20:04:15,822.0,18.9,47.8,15.22,38.0,1547.0,8192.0
2026-07-31T20:04:17,824.0,19.1,47.8,15.22,23.0,1541.0,8192.0
2026-07-31T20:04:19,826.1,20.9,47.8,15.22,40.0,1541.0,8192.0
2026-07-31T20:04:21,828.1,14.8,47.8,15.22,24.0,1547.0,8192.0
2026-07-31T20:04:23,830.2,18.8,47.8,15.22,33.0,1546.0,8192.0
2026-07-31T20:04:25,832.3,18.0,47.8,15.22,36.0,1541.0,8192.0
2026-07-31T20:04:27,834.3,22.3,47.8,15.22,9.0,1541.0,8192.0
2026-07-31T20:04:29,836.3,17.8,47.8,15.22,34.0,1556.0,8192.0
2026-07-31T20:04:31,838.4,16.4,47.8,15.22,39.0,1551.0,8192.0
2026-07-31T20:04:33,840.4,21.0,47.8,15.22,38.0,1551.0,8192.0
2026-07-31T20:04:36,842.5,21.0,47.8,15.22,39.0,1556.0,8192.0
2026-07-31T20:04:38,844.5,15.3,47.8,15.22,41.0,1556.0,8192.0
2026-07-31T20:04:40,846.6,17.2,47.8,15.22,37.0,1551.0,8192.0
2026-07-31T20:04:42,848.6,20.8,47.8,15.22,40.0,1551.0,8192.0
2026-07-31T20:04:44,850.7,24.0,47.8,15.22,35.0,1557.0,8192.0
2026-07-31T20:04:46,852.7,18.1,47.8,15.22,29.0,1551.0,8192.0
2026-07-31T20:04:48,854.8,17.7,47.8,15.22,39.0,1551.0,8192.0
2026-07-31T20:04:50,856.9,21.4,47.8,15.22,35.0,1557.0,8192.0
2026-07-31T20:04:52,858.9,23.7,47.8,15.22,37.0,1557.0,8192.0
2026-07-31T20:04:54,861.0,18.5,47.8,15.22,39.0,1551.0,8192.0
2026-07-31T20:04:56,863.0,19.5,47.8,15.22,25.0,1551.0,8192.0
2026-07-31T20:04:58,865.1,20.0,47.8,15.22,37.0,1557.0,8192.0
2026-07-31T20:05:00,867.1,19.6,47.8,15.22,39.0,1551.0,8192.0
2026-07-31T20:05:02,869.2,19.5,47.8,15.22,40.0,1551.0,8192.0
2026-07-31T20:05:04,871.3,18.2,47.8,15.22,39.0,1556.0,8192.0
2026-07-31T20:05:06,873.3,17.6,47.8,15.23,37.0,1551.0,8192.0
2026-07-31T20:05:08,875.4,21.4,47.8,15.22,40.0,1551.0,8192.0
2026-07-31T20:05:10,877.4,19.4,47.8,15.22,35.0,1556.0,8192.0
2026-07-31T20:05:13,879.5,16.8,47.8,15.22,40.0,1556.0,8192.0
2026-07-31T20:05:15,881.5,17.8,47.8,15.22,27.0,1551.0,8192.0
2026-07-31T20:05:17,883.6,20.2,47.8,15.22,40.0,1551.0,8192.0
2026-07-31T20:05:19,885.6,21.2,47.8,15.21,26.0,1563.0,8192.0
2026-07-31T20:05:21,887.7,17.1,47.8,15.21,36.0,1552.0,8192.0
2026-07-31T20:05:23,889.7,17.9,47.8,15.21,40.0,1552.0,8192.0
2026-07-31T20:05:25,891.8,18.4,47.8,15.21,38.0,1550.0,8192.0
2026-07-31T20:05:27,893.8,23.8,47.8,15.21,27.0,1550.0,8192.0
2026-07-31T20:05:29,895.9,15.8,47.8,15.21,35.0,1563.0,8192.0
2026-07-31T20:05:31,897.9,18.4,47.8,15.21,36.0,1552.0,8192.0
2026-07-31T20:05:33,900.0,21.2,47.8,15.21,29.0,1551.0,8192.0
2026-07-31T20:05:35,902.1,23.9,47.8,15.21,37.0,1556.0,8192.0
2026-07-31T20:05:37,904.1,18.0,47.8,15.22,42.0,1549.0,8192.0
2026-07-31T20:05:39,906.2,17.5,47.8,15.22,37.0,1549.0,8192.0
2026-07-31T20:05:41,908.2,17.9,47.8,15.22,40.0,1549.0,8192.0
2026-07-31T20:05:43,910.3,23.3,47.8,15.22,37.0,1555.0,8192.0
2026-07-31T20:05:45,912.3,17.0,47.8,15.22,33.0,1554.0,8192.0
2026-07-31T20:05:47,914.4,19.8,47.8,15.22,40.0,1549.0,8192.0
2026-07-31T20:05:49,916.4,18.9,47.8,15.22,41.0,1549.0,8192.0
2026-07-31T20:05:52,918.5,21.5,47.8,15.22,37.0,1555.0,8192.0
2026-07-31T20:05:54,920.6,18.0,47.8,15.22,41.0,1549.0,8192.0
2026-07-31T20:05:56,922.6,17.9,47.8,15.23,38.0,1549.0,8192.0
2026-07-31T20:05:58,924.7,20.6,47.8,15.23,37.0,1555.0,8192.0
2026-07-31T20:06:00,926.7,21.0,47.8,15.23,34.0,1549.0,8192.0
2026-07-31T20:06:02,928.8,20.1,47.8,15.23,36.0,1549.0,8192.0
2026-07-31T20:06:04,930.8,18.4,47.8,15.23,41.0,1563.0,8192.0
2026-07-31T20:06:06,932.9,16.2,47.8,15.23,35.0,1552.0,8192.0
2026-07-31T20:06:08,934.9,20.5,47.8,15.23,42.0,1552.0,8192.0
2026-07-31T20:06:10,937.0,21.5,47.8,15.23,37.0,1563.0,8192.0
2026-07-31T20:06:12,939.0,16.8,47.8,15.24,37.0,1561.0,8192.0
2026-07-31T20:06:14,941.1,16.8,47.8,15.23,38.0,1551.0,8192.0
2026-07-31T20:06:16,943.1,18.6,47.8,15.23,39.0,1556.0,8192.0
2026-07-31T20:06:18,945.2,25.6,47.8,15.23,41.0,1556.0,8192.0
2026-07-31T20:06:20,947.2,17.6,47.8,15.23,36.0,1549.0,8192.0
2026-07-31T20:06:22,949.3,18.3,47.8,15.23,37.0,1549.0,8192.0
2026-07-31T20:06:24,951.3,18.8,47.8,15.22,37.0,1563.0,8192.0
2026-07-31T20:06:26,953.4,22.3,47.8,15.22,39.0,1552.0,8192.0
2026-07-31T20:06:29,955.5,17.1,47.8,15.22,38.0,1552.0,8192.0
2026-07-31T20:06:31,957.5,17.1,47.8,15.22,39.0,1563.0,8192.0
2026-07-31T20:06:33,959.6,17.1,47.8,15.23,39.0,1563.0,8192.0
2026-07-31T20:06:35,961.6,20.7,47.8,15.22,36.0,1561.0,8192.0
2026-07-31T20:06:37,963.7,16.2,47.8,15.22,40.0,1551.0,8192.0
2026-07-31T20:06:39,965.7,18.1,47.8,15.22,36.0,1551.0,8192.0
2026-07-31T20:06:41,967.8,22.1,47.8,15.22,38.0,1556.0,8192.0
2026-07-31T20:06:43,969.8,22.7,47.8,15.23,41.0,1549.0,8192.0
2026-07-31T20:06:45,971.9,21.2,47.9,15.24,42.0,1549.0,8192.0
2026-07-31T20:06:47,974.0,18.2,47.9,15.26,36.0,1555.0,8192.0
2026-07-31T20:06:49,976.0,20.1,47.9,15.26,37.0,1549.0,8192.0
2026-07-31T20:06:51,978.1,19.7,47.9,15.26,38.0,1549.0,8192.0
2026-07-31T20:06:53,980.1,22.5,47.9,15.26,36.0,1555.0,8192.0
2026-07-31T20:06:55,982.2,15.9,47.9,15.26,40.0,1563.0,8192.0
2026-07-31T20:06:57,984.2,17.4,47.9,15.27,40.0,1552.0,8192.0
2026-07-31T20:06:59,986.3,23.5,47.9,15.26,37.0,1560.0,8192.0
2026-07-31T20:07:01,988.4,20.2,47.9,15.26,42.0,1552.0,8192.0
2026-07-31T20:07:03,990.4,18.7,47.9,15.26,38.0,1552.0,8192.0
2026-07-31T20:07:06,992.5,18.3,47.9,15.26,38.0,1560.0,8192.0
2026-07-31T20:07:08,994.5,23.0,47.9,15.27,38.0,1552.0,8192.0
2026-07-31T20:07:10,996.6,23.5,47.9,15.26,35.0,1551.0,8192.0
2026-07-31T20:07:12,998.6,19.0,47.9,15.26,41.0,1551.0,8192.0
2026-07-31T20:07:14,1000.7,18.7,47.9,15.26,38.0,1556.0,8192.0
2026-07-31T20:07:16,1002.7,20.9,47.9,15.27,39.0,1556.0,8192.0
2026-07-31T20:07:18,1004.8,22.3,47.9,15.27,38.0,1549.0,8192.0
2026-07-31T20:07:20,1006.9,17.3,47.9,15.26,39.0,1549.0,8192.0
2026-07-31T20:07:22,1008.9,19.7,47.9,15.27,38.0,1555.0,8192.0
2026-07-31T20:07:24,1010.9,19.4,47.9,15.26,39.0,1549.0,8192.0
2026-07-31T20:07:26,1013.0,25.0,47.9,15.26,42.0,1549.0,8192.0
2026-07-31T20:07:28,1015.1,17.4,47.9,15.27,38.0,1555.0,8192.0
2026-07-31T20:07:30,1017.1,20.3,47.9,15.27,36.0,1555.0,8192.0
2026-07-31T20:07:32,1019.2,19.4,47.9,15.26,39.0,1549.0,8192.0
2026-07-31T20:07:34,1021.2,21.1,47.9,15.26,40.0,1549.0,8192.0
2026-07-31T20:07:36,1023.3,17.1,47.9,15.26,34.0,1554.0,8192.0
2026-07-31T20:07:38,1025.3,17.0,47.9,15.26,38.0,1549.0,8192.0
2026-07-31T20:07:40,1027.4,22.8,47.9,15.27,38.0,1549.0,8192.0
2026-07-31T20:07:43,1029.5,22.0,47.9,15.27,42.0,1549.0,8192.0
2026-07-31T20:07:45,1031.5,20.9,47.9,15.26,39.0,1549.0,8192.0
2026-07-31T20:07:47,1033.6,16.0,47.9,15.24,39.0,1555.0,8192.0
2026-07-31T20:07:49,1035.6,19.7,47.9,15.24,37.0,1555.0,8192.0
2026-07-31T20:07:51,1037.7,22.4,47.9,15.24,39.0,1549.0,8192.0
2026-07-31T20:07:53,1039.7,20.6,47.9,15.24,33.0,1549.0,8192.0
2026-07-31T20:07:55,1041.8,16.7,47.9,15.24,38.0,1549.0,8192.0
2026-07-31T20:07:57,1043.8,17.1,47.9,15.24,39.0,1549.0,8192.0
2026-07-31T20:07:59,1045.9,18.5,47.9,15.24,41.0,1549.0,8192.0
2026-07-31T20:08:01,1047.9,21.4,47.9,15.24,38.0,1549.0,8192.0
2026-07-31T20:08:03,1049.9,15.9,47.9,15.25,37.0,1549.0,8192.0
2026-07-31T20:08:05,1052.0,15.2,47.9,15.24,38.0,1549.0,8192.0
2026-07-31T20:08:07,1054.0,21.3,47.9,15.25,40.0,1549.0,8192.0
2026-07-31T20:08:09,1056.1,24.0,47.9,15.25,36.0,1549.0,8192.0
2026-07-31T20:08:11,1058.1,17.1,47.9,15.25,41.0,1555.0,8192.0
2026-07-31T20:08:13,1060.2,15.8,47.9,15.25,40.0,1549.0,8192.0
2026-07-31T20:08:15,1062.2,19.8,47.9,15.25,35.0,1549.0,8192.0
2026-07-31T20:08:17,1064.3,23.4,47.9,15.25,38.0,1554.0,8192.0
2026-07-31T20:08:19,1066.3,14.7,47.9,15.25,41.0,1549.0,8192.0
2026-07-31T20:08:21,1068.4,17.6,47.9,15.25,41.0,1549.0,8192.0
2026-07-31T20:08:24,1070.4,19.1,47.9,15.25,37.0,1555.0,8192.0
2026-07-31T20:08:26,1072.5,21.4,47.9,15.25,35.0,1554.0,8192.0
2026-07-31T20:08:28,1074.5,18.1,47.9,15.25,40.0,1549.0,8192.0
2026-07-31T20:08:30,1076.6,17.1,47.9,15.25,37.0,1553.0,8192.0
2026-07-31T20:08:32,1078.6,21.6,47.9,15.25,39.0,1564.0,8192.0
2026-07-31T20:08:34,1080.7,22.2,47.9,15.25,37.0,1552.0,8192.0
2026-07-31T20:08:36,1082.8,18.4,47.9,15.24,39.0,1552.0,8192.0
2026-07-31T20:08:38,1084.8,17.3,47.9,15.24,39.0,1556.0,8192.0
2026-07-31T20:08:40,1086.9,19.1,47.9,15.24,40.0,1541.0,8192.0
2026-07-31T20:08:42,1088.9,21.0,47.9,15.24,35.0,1549.0,8192.0
2026-07-31T20:08:44,1091.0,18.2,47.9,15.24,36.0,1549.0,8192.0
2026-07-31T20:08:46,1093.0,14.6,47.8,15.23,38.0,1549.0,8192.0
2026-07-31T20:08:48,1095.1,20.4,47.8,15.24,38.0,1555.0,8192.0
2026-07-31T20:08:50,1097.1,21.9,47.8,15.24,40.0,1555.0,8192.0
2026-07-31T20:08:52,1099.2,20.7,47.8,15.24,38.0,1549.0,8192.0
2026-07-31T20:08:54,1101.3,16.0,47.8,15.24,36.0,1549.0,8192.0
2026-07-31T20:08:56,1103.3,20.0,47.9,15.24,35.0,1554.0,8192.0
2026-07-31T20:08:58,1105.4,20.6,47.9,15.24,41.0,1549.0,8192.0
2026-07-31T20:09:00,1107.4,19.1,47.9,15.24,36.0,1549.0,8192.0
2026-07-31T20:09:03,1109.5,18.4,47.9,15.24,37.0,1555.0,8192.0
2026-07-31T20:09:05,1111.5,17.3,47.9,15.24,37.0,1563.0,8192.0
2026-07-31T20:09:07,1113.6,17.6,47.9,15.24,39.0,1552.0,8192.0
2026-07-31T20:09:09,1115.7,22.1,47.9,15.24,40.0,1552.0,8192.0
2026-07-31T20:09:11,1117.7,16.6,47.9,15.24,36.0,1549.0,8192.0
2026-07-31T20:09:13,1119.8,18.9,47.9,15.24,37.0,1549.0,8192.0
2026-07-31T20:09:15,1121.8,19.2,47.9,15.25,39.0,1563.0,8192.0
2026-07-31T20:09:17,1123.9,20.8,47.9,15.25,40.0,1551.0,8192.0
2026-07-31T20:09:19,1125.9,16.6,47.9,15.25,37.0,1556.0,8192.0
2026-07-31T20:09:21,1128.0,17.9,47.9,15.25,39.0,1555.0,8192.0
2026-07-31T20:09:23,1130.1,20.1,47.9,15.25,38.0,1549.0,8192.0
2026-07-31T20:09:25,1132.1,21.5,47.9,15.25,39.0,1554.0,8192.0
2026-07-31T20:09:27,1134.2,18.5,47.9,15.25,41.0,1554.0,8192.0
2026-07-31T20:09:29,1136.2,17.7,47.9,15.25,40.0,1549.0,8192.0
2026-07-31T20:09:31,1138.3,16.5,47.9,15.25,38.0,1563.0,8192.0
2026-07-31T20:09:33,1140.4,23.5,47.9,15.26,35.0,1563.0,8192.0
2026-07-31T20:09:35,1142.4,17.2,47.9,15.26,44.0,1552.0,8192.0
2026-07-31T20:09:38,1144.5,19.3,47.9,15.25,38.0,1556.0,8192.0
2026-07-31T20:09:40,1146.5,17.7,47.9,15.25,34.0,1563.0,8192.0
2026-07-31T20:09:42,1148.6,20.3,47.9,15.25,40.0,1552.0,8192.0
2026-07-31T20:09:44,1150.6,19.9,47.9,15.25,42.0,1557.0,8192.0
2026-07-31T20:09:46,1152.7,14.2,47.9,15.25,42.0,1563.0,8192.0
2026-07-31T20:09:48,1154.7,15.5,47.9,15.24,34.0,1551.0,8192.0
2026-07-31T20:09:50,1156.8,20.0,47.9,15.24,38.0,1556.0,8192.0
2026-07-31T20:09:52,1158.8,20.9,47.9,15.24,37.0,1554.0,8192.0
2026-07-31T20:09:54,1160.9,17.9,47.9,15.24,40.0,1549.0,8192.0
2026-07-31T20:09:56,1162.9,18.2,47.9,15.24,38.0,1549.0,8192.0
2026-07-31T20:09:58,1165.0,21.8,47.9,15.24,34.0,1554.0,8192.0
2026-07-31T20:10:00,1167.0,23.6,47.9,15.25,38.0,1554.0,8192.0
2026-07-31T20:10:02,1169.1,16.9,47.9,15.25,36.0,1549.0,8192.0
2026-07-31T20:10:04,1171.2,19.0,47.9,15.25,36.0,1556.0,8192.0
2026-07-31T20:10:06,1173.2,19.4,47.9,15.25,37.0,1556.0,8192.0
2026-07-31T20:10:08,1175.3,22.0,47.9,15.25,39.0,1551.0,8192.0
2026-07-31T20:10:10,1177.3,15.8,47.9,15.25,38.0,1555.0,8192.0
2026-07-31T20:10:12,1179.4,18.0,47.9,15.25,38.0,1555.0,8192.0
2026-07-31T20:10:14,1181.4,21.7,47.9,15.25,39.0,1551.0,8192.0
2026-07-31T20:10:17,1183.5,22.4,47.9,15.25,39.0,1551.0,8192.0
2026-07-31T20:10:19,1185.5,17.1,47.9,15.25,40.0,1551.0,8192.0
2026-07-31T20:10:21,1187.6,14.9,47.9,15.25,37.0,1551.0,8192.0
2026-07-31T20:10:23,1189.6,18.2,47.9,15.25,38.0,1551.0,8192.0
2026-07-31T20:10:25,1191.7,21.8,47.9,15.25,39.0,1551.0,8192.0
2026-07-31T20:10:27,1193.7,18.0,47.9,15.24,38.0,1551.0,8192.0
2026-07-31T20:10:29,1195.8,20.9,47.9,15.25,38.0,1551.0,8192.0
2026-07-31T20:10:31,1197.8,18.6,47.9,15.25,39.0,1551.0,8192.0
2026-07-31T20:10:33,1199.9,20.7,47.9,15.25,41.0,1551.0,8192.0
2026-07-31T20:10:35,1202.0,23.3,47.9,15.25,35.0,1556.0,8192.0
2026-07-31T20:10:37,1204.0,17.0,47.9,15.25,37.0,1556.0,8192.0
2026-07-31T20:10:39,1206.1,18.8,47.9,15.25,35.0,1551.0,8192.0
2026-07-31T20:10:41,1208.2,19.6,47.9,15.26,35.0,1551.0,8192.0
2026-07-31T20:10:43,1210.2,19.3,47.9,15.26,41.0,1551.0,8192.0
2026-07-31T20:10:45,1212.3,18.2,47.9,15.25,40.0,1551.0,8192.0
2026-07-31T20:10:47,1214.3,16.9,47.9,15.25,40.0,1557.0,8192.0
2026-07-31T20:10:49,1216.4,21.5,47.9,15.26,39.0,1557.0,8192.0
2026-07-31T20:10:51,1218.4,21.8,47.9,15.25,38.0,1551.0,8192.0
2026-07-31T20:10:54,1220.5,14.6,47.9,15.24,39.0,1551.0,8192.0
2026-07-31T20:10:56,1222.5,23.2,47.9,15.24,38.0,1551.0,8192.0
2026-07-31T20:10:58,1224.6,18.6,47.9,15.24,40.0,1551.0,8192.0
2026-07-31T20:11:00,1226.6,21.2,47.9,15.25,45.0,1551.0,8192.0
2026-07-31T20:11:02,1228.7,15.3,47.9,15.24,38.0,1551.0,8192.0
2026-07-31T20:11:04,1230.7,18.2,47.9,15.25,38.0,1551.0,8192.0
2026-07-31T20:11:06,1232.8,19.2,47.9,15.25,36.0,1551.0,8192.0
2026-07-31T20:11:08,1234.9,21.2,47.9,15.25,33.0,1549.0,8192.0
2026-07-31T20:11:10,1236.9,15.4,47.9,15.25,38.0,1549.0,8192.0
2026-07-31T20:11:12,1239.0,15.1,47.9,15.25,38.0,1549.0,8192.0
2026-07-31T20:11:14,1241.0,19.6,47.9,15.25,38.0,1549.0,8192.0
2026-07-31T20:11:16,1243.1,23.7,47.9,15.25,39.0,1549.0,8192.0
2026-07-31T20:11:18,1245.1,17.0,47.9,15.25,43.0,1549.0,8192.0
2026-07-31T20:11:20,1247.2,17.5,47.9,15.25,38.0,1549.0,8192.0
2026-07-31T20:11:22,1249.2,17.1,47.9,15.25,38.0,1549.0,8192.0
2026-07-31T20:11:24,1251.3,21.5,47.9,15.25,38.0,1549.0,8192.0
2026-07-31T20:11:26,1253.4,20.5,47.9,15.25,38.0,1549.0,8192.0
2026-07-31T20:11:28,1255.4,17.9,47.9,15.25,38.0,1549.0,8192.0
2026-07-31T20:11:31,1257.4,17.6,47.9,15.25,38.0,1549.0,8192.0
2026-07-31T20:11:33,1259.5,19.9,47.9,15.25,40.0,1549.0,8192.0
2026-07-31T20:11:35,1261.6,19.8,47.9,15.26,36.0,1549.0,8192.0
2026-07-31T20:11:37,1263.6,16.6,47.9,15.26,38.0,1549.0,8192.0
2026-07-31T20:11:39,1265.7,17.7,47.9,15.26,35.0,1549.0,8192.0
2026-07-31T20:11:41,1267.7,19.4,47.9,15.26,42.0,1549.0,8192.0
2026-07-31T20:11:43,1269.8,19.5,47.9,15.25,32.0,1549.0,8192.0
2026-07-31T20:11:45,1271.8,17.5,47.9,15.26,41.0,1549.0,8192.0
2026-07-31T20:11:47,1273.9,18.4,47.9,15.26,34.0,1549.0,8192.0
2026-07-31T20:11:49,1275.9,18.7,47.9,15.26,37.0,1549.0,8192.0
2026-07-31T20:11:51,1278.0,23.9,47.9,15.26,36.0,1549.0,8192.0
2026-07-31T20:11:53,1280.0,15.8,47.9,15.26,36.0,1549.0,8192.0
2026-07-31T20:11:55,1282.1,19.2,47.9,15.26,36.0,1549.0,8192.0
2026-07-31T20:11:57,1284.1,21.6,47.9,15.26,38.0,1549.0,8192.0
2026-07-31T20:11:59,1286.2,22.6,47.9,15.26,33.0,1549.0,8192.0
2026-07-31T20:12:01,1288.2,19.9,47.9,15.25,33.0,1551.0,8192.0
2026-07-31T20:12:03,1290.3,17.2,47.9,15.25,37.0,1551.0,8192.0
2026-07-31T20:12:05,1292.3,18.9,47.9,15.25,42.0,1551.0,8192.0
2026-07-31T20:12:07,1294.4,24.7,47.9,15.25,37.0,1551.0,8192.0
2026-07-31T20:12:10,1296.4,20.9,48.0,15.28,37.0,1557.0,8192.0
2026-07-31T20:12:12,1298.5,16.4,48.0,15.28,40.0,1551.0,8192.0
2026-07-31T20:12:14,1300.6,16.3,48.0,15.27,37.0,1551.0,8192.0
2026-07-31T20:12:16,1302.6,23.5,48.0,15.27,39.0,1551.0,8192.0
2026-07-31T20:12:18,1304.7,18.6,48.0,15.27,36.0,1551.0,8192.0
2026-07-31T20:12:20,1306.7,19.4,48.0,15.28,37.0,1551.0,8192.0
2026-07-31T20:12:22,1308.8,16.4,48.0,15.27,40.0,1551.0,8192.0
2026-07-31T20:12:24,1310.8,20.3,47.9,15.25,35.0,1557.0,8192.0
2026-07-31T20:12:26,1312.9,20.0,47.9,15.26,42.0,1565.0,8192.0
2026-07-31T20:12:28,1314.9,17.7,47.9,15.26,42.0,1554.0,8192.0
2026-07-31T20:12:30,1317.0,20.6,47.9,15.25,38.0,1558.0,8192.0
2026-07-31T20:12:32,1319.0,19.0,47.9,15.26,42.0,1552.0,8192.0
2026-07-31T20:12:34,1321.1,21.5,47.9,15.25,38.0,1552.0,8192.0
2026-07-31T20:12:36,1323.1,16.3,47.9,15.26,40.0,1564.0,8192.0
2026-07-31T20:12:38,1325.2,18.1,47.9,15.26,37.0,1553.0,8192.0
2026-07-31T20:12:40,1327.2,21.0,47.9,15.26,41.0,1552.0,8192.0
2026-07-31T20:12:42,1329.3,20.7,47.9,15.26,39.0,1552.0,8192.0
2026-07-31T20:12:44,1331.4,15.8,47.9,15.25,41.0,1552.0,8192.0
2026-07-31T20:12:46,1333.4,19.2,47.9,15.26,39.0,1552.0,8192.0
2026-07-31T20:12:49,1335.5,22.9,47.9,15.26,45.0,1552.0,8192.0
2026-07-31T20:12:51,1337.5,23.6,47.9,15.26,42.0,1560.0,8192.0
2026-07-31T20:12:53,1339.6,15.2,47.9,15.26,39.0,1558.0,8192.0
2026-07-31T20:12:55,1341.6,19.4,47.9,15.26,39.0,1553.0,8192.0
2026-07-31T20:12:57,1343.7,16.1,47.9,15.26,38.0,1553.0,8192.0
2026-07-31T20:12:59,1345.7,24.6,47.9,15.26,41.0,1553.0,8192.0
2026-07-31T20:13:01,1347.8,16.9,47.9,15.26,38.0,1553.0,8192.0
2026-07-31T20:13:03,1349.8,17.6,47.9,15.26,34.0,1553.0,8192.0
2026-07-31T20:13:05,1351.9,19.5,47.9,15.26,40.0,1553.0,8192.0
2026-07-31T20:13:07,1354.0,21.7,47.9,15.26,41.0,1553.0,8192.0
2026-07-31T20:13:09,1356.0,18.7,47.9,15.26,35.0,1553.0,8192.0
2026-07-31T20:13:11,1358.1,19.1,47.9,15.25,39.0,1551.0,8192.0
2026-07-31T20:13:13,1360.1,18.4,47.9,15.25,37.0,1551.0,8192.0
2026-07-31T20:13:15,1362.2,21.8,47.9,15.25,34.0,1551.0,8192.0
2026-07-31T20:13:17,1364.2,18.5,47.9,15.25,38.0,1551.0,8192.0
2026-07-31T20:13:19,1366.3,19.9,47.9,15.26,42.0,1551.0,8192.0
2026-07-31T20:13:21,1368.3,17.2,47.9,15.26,41.0,1551.0,8192.0
2026-07-31T20:13:23,1370.4,20.8,47.9,15.27,36.0,1551.0,8192.0
2026-07-31T20:13:26,1372.5,26.6,48.1,15.31,38.0,1551.0,8192.0
2026-07-31T20:13:28,1374.5,18.7,48.1,15.31,40.0,1551.0,8192.0
2026-07-31T20:13:30,1376.6,18.2,48.1,15.31,38.0,1551.0,8192.0
2026-07-31T20:13:32,1378.6,22.3,48.1,15.31,38.0,1551.0,8192.0
2026-07-31T20:13:34,1380.7,22.6,48.1,15.31,38.0,1551.0,8192.0
2026-07-31T20:13:36,1382.7,16.8,48.1,15.31,41.0,1551.0,8192.0
2026-07-31T20:13:38,1384.8,17.6,48.1,15.32,36.0,1551.0,8192.0
2026-07-31T20:13:40,1386.9,21.2,48.1,15.32,39.0,1551.0,8192.0
2026-07-31T20:13:42,1388.9,20.5,48.1,15.32,41.0,1551.0,8192.0
2026-07-31T20:13:44,1391.0,14.1,48.1,15.32,41.0,1551.0,8192.0
2026-07-31T20:13:46,1393.0,17.0,48.1,15.31,38.0,1557.0,8192.0
2026-07-31T20:13:48,1395.1,21.8,48.1,15.32,41.0,1557.0,8192.0
2026-07-31T20:13:50,1397.1,24.4,48.1,15.32,37.0,1551.0,8192.0
2026-07-31T20:13:52,1399.2,19.0,48.1,15.32,41.0,1551.0,8192.0
2026-07-31T20:13:54,1401.3,18.9,48.1,15.32,41.0,1551.0,8192.0
2026-07-31T20:13:56,1403.3,21.2,48.1,15.32,39.0,1551.0,8192.0
2026-07-31T20:13:58,1405.4,22.7,48.1,15.32,38.0,1551.0,8192.0
2026-07-31T20:14:00,1407.4,19.5,48.1,15.33,39.0,1551.0,8192.0
2026-07-31T20:14:03,1409.5,19.4,48.1,15.33,36.0,1557.0,8192.0
2026-07-31T20:14:05,1411.5,19.0,48.1,15.33,37.0,1557.0,8192.0
2026-07-31T20:14:07,1413.6,24.2,48.1,15.33,35.0,1551.0,8192.0
2026-07-31T20:14:09,1415.7,20.1,48.1,15.33,37.0,1551.0,8192.0
2026-07-31T20:14:11,1417.7,18.1,48.1,15.33,38.0,1551.0,8192.0
2026-07-31T20:14:13,1419.8,18.7,48.1,15.32,39.0,1551.0,8192.0
2026-07-31T20:14:15,1421.8,21.4,48.1,15.32,38.0,1551.0,8192.0
2026-07-31T20:14:17,1423.9,20.9,48.1,15.32,38.0,1551.0,8192.0
2026-07-31T20:14:19,1425.9,16.1,48.1,15.32,39.0,1551.0,8192.0
2026-07-31T20:14:21,1428.0,21.8,48.1,15.32,41.0,1551.0,8192.0
2026-07-31T20:14:23,1430.0,19.0,48.1,15.32,41.0,1551.0,8192.0
2026-07-31T20:14:25,1432.1,20.1,48.1,15.32,38.0,1551.0,8192.0
2026-07-31T20:14:27,1434.1,15.8,48.1,15.32,40.0,1551.0,8192.0
2026-07-31T20:14:29,1436.2,17.8,48.1,15.32,42.0,1551.0,8192.0
2026-07-31T20:14:31,1438.2,28.6,48.1,15.33,40.0,1551.0,8192.0
2026-07-31T20:14:33,1440.3,21.1,48.1,15.33,39.0,1551.0,8192.0
2026-07-31T20:14:35,1442.4,18.2,48.1,15.33,38.0,1566.0,8192.0
2026-07-31T20:14:37,1444.4,16.6,48.1,15.32,41.0,1554.0,8192.0
2026-07-31T20:14:40,1446.5,18.5,48.1,15.32,38.0,1563.0,8192.0
2026-07-31T20:14:42,1448.5,25.8,48.1,15.32,37.0,1563.0,8192.0
2026-07-31T20:14:44,1450.6,15.1,48.1,15.32,38.0,1554.0,8192.0
2026-07-31T20:14:46,1452.6,19.0,48.1,15.33,41.0,1554.0,8192.0
2026-07-31T20:14:48,1454.7,20.7,48.1,15.33,41.0,1558.0,8192.0
2026-07-31T20:14:50,1456.7,21.9,48.1,15.33,40.0,1551.0,8192.0
2026-07-31T20:14:52,1458.8,17.2,48.1,15.33,39.0,1551.0,8192.0
2026-07-31T20:14:54,1460.8,19.3,48.1,15.33,40.0,1557.0,8192.0
2026-07-31T20:14:56,1462.9,22.6,48.1,15.33,38.0,1557.0,8192.0
2026-07-31T20:14:58,1465.0,21.6,48.1,15.33,40.0,1551.0,8192.0
2026-07-31T20:15:00,1467.0,15.7,48.1,15.33,40.0,1551.0,8192.0
2026-07-31T20:15:02,1469.1,22.0,48.1,15.33,41.0,1557.0,8192.0
2026-07-31T20:15:04,1471.1,17.6,48.1,15.33,39.0,1551.0,8192.0
2026-07-31T20:15:06,1473.2,22.4,48.2,15.34,39.0,1551.0,8192.0
2026-07-31T20:15:08,1475.2,18.2,48.1,15.33,39.0,1557.0,8192.0
2026-07-31T20:15:10,1477.3,15.0,48.1,15.33,39.0,1557.0,8192.0
2026-07-31T20:15:12,1479.3,20.0,48.2,15.34,41.0,1551.0,8192.0
2026-07-31T20:15:14,1481.4,21.2,48.2,15.34,36.0,1551.0,8192.0
2026-07-31T20:15:16,1483.4,23.0,48.2,15.34,41.0,1557.0,8192.0
2026-07-31T20:15:19,1485.5,17.2,48.1,15.33,40.0,1551.0,8192.0
2026-07-31T20:15:21,1487.5,20.6,48.1,15.32,37.0,1551.0,8192.0
2026-07-31T20:15:23,1489.6,22.9,48.1,15.32,38.0,1557.0,8192.0
2026-07-31T20:15:25,1491.7,22.3,48.1,15.32,34.0,1551.0,8192.0
2026-07-31T20:15:27,1493.7,16.0,48.1,15.32,38.0,1551.0,8192.0
2026-07-31T20:15:29,1495.8,17.2,48.1,15.32,35.0,1557.0,8192.0
2026-07-31T20:15:31,1497.8,23.3,48.1,15.32,37.0,1558.0,8192.0
2026-07-31T20:15:33,1499.9,22.0,48.1,15.32,38.0,1546.0,8192.0
2026-07-31T20:15:35,1501.9,14.7,48.1,15.32,36.0,1544.0,8192.0
2026-07-31T20:15:37,1504.0,18.2,48.1,15.32,42.0,1548.0,8192.0
2026-07-31T20:15:39,1506.0,20.2,48.1,15.32,36.0,1543.0,8192.0
2026-07-31T20:15:41,1508.1,21.7,48.1,15.33,39.0,1565.0,8192.0
2026-07-31T20:15:43,1510.1,18.4,48.1,15.32,35.0,1554.0,8192.0
2026-07-31T20:15:45,1512.2,17.9,48.1,15.32,42.0,1552.0,8192.0
2026-07-31T20:15:47,1514.2,22.1,48.1,15.32,39.0,1557.0,8192.0
2026-07-31T20:15:49,1516.3,24.5,48.2,15.35,35.0,1551.0,8192.0
2026-07-31T20:15:51,1518.4,25.7,48.3,15.37,39.0,1551.0,8192.0
2026-07-31T20:15:53,1520.4,22.8,48.2,15.36,39.0,1557.0,8192.0
2026-07-31T20:15:56,1522.5,19.4,48.2,15.36,34.0,1557.0,8192.0
2026-07-31T20:15:58,1524.5,22.3,48.2,15.36,40.0,1551.0,8192.0
2026-07-31T20:16:00,1526.6,18.5,48.2,15.36,40.0,1551.0,8192.0
2026-07-31T20:16:02,1528.6,20.0,48.3,15.37,38.0,1557.0,8192.0
2026-07-31T20:16:04,1530.7,19.7,48.2,15.36,41.0,1552.0,8192.0
2026-07-31T20:16:06,1532.7,23.0,48.2,15.36,37.0,1552.0,8192.0
2026-07-31T20:16:08,1534.8,19.1,48.2,15.36,38.0,1557.0,8192.0
2026-07-31T20:16:10,1536.8,17.5,48.3,15.37,41.0,1556.0,8192.0
2026-07-31T20:16:12,1538.9,19.3,48.3,15.37,36.0,1551.0,8192.0
2026-07-31T20:16:14,1540.9,21.5,48.2,15.37,35.0,1556.0,8192.0
2026-07-31T20:16:16,1543.0,23.7,48.3,15.37,41.0,1557.0,8192.0
2026-07-31T20:16:18,1545.1,16.0,48.3,15.37,38.0,1551.0,8192.0
2026-07-31T20:16:20,1547.1,19.6,48.2,15.36,37.0,1551.0,8192.0
2026-07-31T20:16:22,1549.2,24.5,48.2,15.36,34.0,1557.0,8192.0
2026-07-31T20:16:24,1551.2,21.0,48.2,15.36,37.0,1551.0,8192.0
2026-07-31T20:16:26,1553.3,15.4,48.2,15.36,35.0,1551.0,8192.0
2026-07-31T20:16:28,1555.3,17.4,48.2,15.36,34.0,1557.0,8192.0
2026-07-31T20:16:30,1557.4,20.3,48.2,15.36,46.0,1557.0,8192.0
2026-07-31T20:16:33,1559.5,22.2,48.2,15.36,34.0,1551.0,8192.0
2026-07-31T20:16:35,1561.5,16.5,48.2,15.35,33.0,1551.0,8192.0
2026-07-31T20:16:37,1563.6,19.1,48.2,15.36,39.0,1557.0,8192.0
2026-07-31T20:16:39,1565.6,17.5,48.2,15.35,35.0,1551.0,8192.0
2026-07-31T20:16:41,1567.7,21.2,48.2,15.35,36.0,1551.0,8192.0
2026-07-31T20:16:43,1569.7,16.6,48.2,15.35,42.0,1557.0,8192.0
2026-07-31T20:16:45,1571.8,19.0,48.2,15.36,35.0,1557.0,8192.0
2026-07-31T20:16:47,1573.8,20.3,48.2,15.36,36.0,1551.0,8192.0
2026-07-31T20:16:49,1575.9,22.6,48.2,15.36,37.0,1551.0,8192.0
2026-07-31T20:16:51,1578.0,19.8,48.2,15.36,36.0,1557.0,8192.0
2026-07-31T20:16:53,1580.0,21.3,48.2,15.36,36.0,1551.0,8192.0
2026-07-31T20:16:55,1582.1,19.7,48.2,15.36,36.0,1551.0,8192.0
2026-07-31T20:16:57,1584.1,25.9,48.2,15.36,40.0,1557.0,8192.0
2026-07-31T20:16:59,1586.2,17.8,48.2,15.35,39.0,1557.0,8192.0
2026-07-31T20:17:01,1588.2,19.1,48.2,15.35,39.0,1551.0,8192.0
2026-07-31T20:17:03,1590.3,19.1,48.2,15.35,34.0,1556.0,8192.0
2026-07-31T20:17:05,1592.3,24.5,48.2,15.35,33.0,1557.0,8192.0
2026-07-31T20:17:07,1594.4,21.6,48.2,15.36,31.0,1551.0,8192.0
2026-07-31T20:17:10,1596.5,16.0,48.2,15.36,39.0,1551.0,8192.0
2026-07-31T20:17:12,1598.5,20.3,48.3,15.37,42.0,1557.0,8192.0
2026-07-31T20:17:14,1600.6,23.2,48.2,15.36,40.0,1551.0,8192.0
2026-07-31T20:17:16,1602.6,21.6,48.2,15.36,35.0,1551.0,8192.0
2026-07-31T20:17:18,1604.7,18.1,48.2,15.36,34.0,1557.0,8192.0
2026-07-31T20:17:20,1606.7,18.5,48.3,15.37,40.0,1557.0,8192.0
2026-07-31T20:17:22,1608.8,22.6,48.3,15.37,35.0,1551.0,8192.0
2026-07-31T20:17:24,1610.8,19.4,48.2,15.36,37.0,1551.0,8192.0
2026-07-31T20:17:26,1612.9,19.0,48.2,15.36,35.0,1557.0,8192.0
2026-07-31T20:17:28,1614.9,18.1,48.2,15.36,36.0,1551.0,8192.0
2026-07-31T20:17:30,1617.0,18.8,48.2,15.35,40.0,1551.0,8192.0
2026-07-31T20:17:32,1619.1,21.8,48.2,15.35,25.0,1549.0,8192.0
2026-07-31T20:17:34,1621.1,15.7,48.2,15.35,38.0,1549.0,8192.0
2026-07-31T20:17:36,1623.2,18.0,48.2,15.35,34.0,1543.0,8192.0
2026-07-31T20:17:38,1625.2,22.5,48.2,15.35,37.0,1543.0,8192.0
2026-07-31T20:17:40,1627.3,21.8,48.2,15.35,45.0,1557.0,8192.0
2026-07-31T20:17:42,1629.3,19.0,48.2,15.35,37.0,1551.0,8192.0
2026-07-31T20:17:44,1631.4,17.1,48.2,15.35,39.0,1551.0,8192.0
2026-07-31T20:17:46,1633.4,21.6,48.2,15.36,38.0,1557.0,8192.0
2026-07-31T20:17:49,1635.5,24.5,48.2,15.36,38.0,1559.0,8192.0
2026-07-31T20:17:51,1637.6,15.8,48.2,15.36,38.0,1554.0,8192.0
2026-07-31T20:17:53,1639.6,17.1,48.2,15.36,38.0,1554.0,8192.0
2026-07-31T20:17:55,1641.7,19.4,48.2,15.36,37.0,1559.0,8192.0
2026-07-31T20:17:57,1643.7,24.0,48.2,15.36,36.0,1553.0,8192.0
2026-07-31T20:17:59,1645.8,17.7,48.2,15.36,36.0,1553.0,8192.0
2026-07-31T20:18:01,1647.8,19.1,48.2,15.36,37.0,1558.0,8192.0
2026-07-31T20:18:03,1649.9,18.3,48.2,15.36,36.0,1553.0,8192.0
2026-07-31T20:18:05,1652.0,20.6,48.2,15.36,39.0,1553.0,8192.0
2026-07-31T20:18:07,1654.0,22.6,48.2,15.36,47.0,1558.0,8192.0
2026-07-31T20:18:09,1656.1,19.6,48.2,15.36,45.0,1558.0,8192.0
2026-07-31T20:18:11,1658.1,18.1,48.2,15.36,34.0,1553.0,8192.0
2026-07-31T20:18:13,1660.2,24.8,48.2,15.36,41.0,1553.0,8192.0
2026-07-31T20:18:15,1662.3,20.7,48.2,15.36,35.0,1558.0,8192.0
2026-07-31T20:18:17,1664.3,20.0,48.2,15.36,38.0,1552.0,8192.0
2026-07-31T20:18:19,1666.4,21.0,48.2,15.36,36.0,1552.0,8192.0
2026-07-31T20:18:21,1668.4,21.3,48.2,15.36,41.0,1558.0,8192.0
2026-07-31T20:18:24,1670.5,23.3,48.2,15.36,36.0,1558.0,8192.0
2026-07-31T20:18:26,1672.5,17.1,48.2,15.36,36.0,1551.0,8192.0
2026-07-31T20:18:28,1674.6,18.1,48.2,15.36,37.0,1551.0,8192.0
2026-07-31T20:18:30,1676.6,23.9,48.2,15.36,35.0,1549.0,8192.0
2026-07-31T20:18:32,1678.7,23.0,48.2,15.36,40.0,1543.0,8192.0
2026-07-31T20:18:34,1680.7,18.3,48.2,15.36,35.0,1543.0,8192.0
2026-07-31T20:18:36,1682.8,21.5,48.2,15.37,40.0,1549.0,8192.0
2026-07-31T20:18:38,1684.8,21.3,48.3,15.37,45.0,1549.0,8192.0
2026-07-31T20:18:40,1686.9,24.9,48.3,15.37,38.0,1543.0,8192.0
2026-07-31T20:18:42,1688.9,17.8,48.2,15.36,37.0,1551.0,8192.0
2026-07-31T20:18:44,1690.9,21.8,48.2,15.35,39.0,1557.0,8192.0
2026-07-31T20:18:46,1693.0,20.9,48.2,15.35,36.0,1551.0,8192.0
2026-07-31T20:18:48,1695.1,22.6,48.2,15.35,41.0,1551.0,8192.0
2026-07-31T20:18:50,1697.1,17.4,48.2,15.35,44.0,1557.0,8192.0
2026-07-31T20:18:52,1699.2,17.9,48.2,15.36,39.0,1551.0,8192.0
2026-07-31T20:18:54,1701.2,19.8,48.2,15.35,35.0,1551.0,8192.0
2026-07-31T20:18:56,1703.3,22.9,48.2,15.35,37.0,1557.0,8192.0
2026-07-31T20:18:58,1705.4,20.7,48.2,15.35,39.0,1557.0,8192.0
2026-07-31T20:19:00,1707.4,19.7,48.2,15.36,36.0,1551.0,8192.0
2026-07-31T20:19:03,1709.5,19.9,48.2,15.36,39.0,1551.0,8192.0
2026-07-31T20:19:05,1711.5,22.2,48.2,15.35,38.0,1551.0,8192.0
2026-07-31T20:19:07,1713.6,19.1,48.2,15.35,43.0,1551.0,8192.0
2026-07-31T20:19:09,1715.6,19.3,48.2,15.35,36.0,1557.0,8192.0
2026-07-31T20:19:11,1717.7,23.1,48.2,15.35,38.0,1557.0,8192.0
2026-07-31T20:19:13,1719.7,21.6,48.2,15.36,38.0,1551.0,8192.0
2026-07-31T20:19:15,1721.8,22.9,48.2,15.35,39.0,1551.0,8192.0
2026-07-31T20:19:17,1723.8,17.8,48.2,15.36,36.0,1557.0,8192.0
2026-07-31T20:19:19,1725.9,19.4,48.2,15.36,38.0,1551.0,8192.0
2026-07-31T20:19:21,1727.9,23.5,48.2,15.36,40.0,1551.0,8192.0
2026-07-31T20:19:23,1730.0,23.7,48.2,15.36,28.0,1557.0,8192.0
2026-07-31T20:19:25,1732.0,16.7,48.2,15.36,39.0,1549.0,8192.0
2026-07-31T20:19:27,1734.1,17.5,48.2,15.36,42.0,1543.0,8192.0
2026-07-31T20:19:29,1736.1,21.2,48.2,15.36,42.0,1543.0,8192.0
2026-07-31T20:19:31,1738.2,25.7,48.2,15.36,37.0,1549.0,8192.0
2026-07-31T20:19:33,1740.2,17.8,48.3,15.37,44.0,1543.0,8192.0
2026-07-31T20:19:35,1742.3,15.6,48.2,15.36,41.0,1543.0,8192.0
2026-07-31T20:19:37,1744.4,19.3,48.3,15.37,42.0,1549.0,8192.0
2026-07-31T20:19:39,1746.4,23.6,48.3,15.37,33.0,1557.0,8192.0
2026-07-31T20:19:42,1748.5,16.7,48.3,15.37,38.0,1555.0,8192.0
2026-07-31T20:19:44,1750.5,19.0,48.2,15.36,36.0,1565.0,8192.0
2026-07-31T20:19:46,1752.6,18.5,48.3,15.37,36.0,1565.0,8192.0
2026-07-31T20:19:48,1754.6,23.4,48.3,15.37,41.0,1563.0,8192.0
2026-07-31T20:19:50,1756.7,17.7,48.2,15.36,38.0,1554.0,8192.0
2026-07-31T20:19:52,1758.7,17.6,48.2,15.36,39.0,1554.0,8192.0
2026-07-31T20:19:54,1760.8,20.3,48.2,15.36,34.0,1559.0,8192.0
2026-07-31T20:19:56,1762.8,22.0,48.2,15.37,37.0,1558.0,8192.0
2026-07-31T20:19:58,1764.9,19.6,48.2,15.36,38.0,1551.0,8192.0
2026-07-31T20:20:00,1767.0,17.9,48.2,15.36,38.0,1556.0,8192.0
2026-07-31T20:20:02,1769.0,19.4,48.2,15.36,40.0,1556.0,8192.0
2026-07-31T20:20:04,1771.1,21.6,48.2,15.36,41.0,1551.0,8192.0
2026-07-31T20:20:06,1773.1,21.0,48.2,15.36,38.0,1551.0,8192.0
2026-07-31T20:20:08,1775.2,19.2,48.2,15.36,36.0,1556.0,8192.0
2026-07-31T20:20:10,1777.2,21.2,48.2,15.36,36.0,1565.0,8192.0
2026-07-31T20:20:12,1779.3,22.3,48.2,15.35,35.0,1554.0,8192.0
2026-07-31T20:20:14,1781.4,20.8,48.2,15.36,39.0,1555.0,8192.0
2026-07-31T20:20:16,1783.4,19.0,48.2,15.36,41.0,1551.0,8192.0
2026-07-31T20:20:19,1785.5,20.6,48.2,15.36,40.0,1564.0,8192.0
2026-07-31T20:20:21,1787.5,22.2,48.2,15.36,41.0,1553.0,8192.0
2026-07-31T20:20:23,1789.6,23.3,48.2,15.36,34.0,1553.0,8192.0
2026-07-31T20:20:25,1791.6,19.5,48.2,15.37,37.0,1558.0,8192.0
2026-07-31T20:20:27,1793.7,17.3,48.3,15.37,41.0,1557.0,8192.0
2026-07-31T20:20:29,1795.7,21.6,48.2,15.37,36.0,1551.0,8192.0
2026-07-31T20:20:31,1797.8,21.5,48.3,15.37,41.0,1551.0,8192.0
2026-07-31T20:20:33,1799.9,15.6,48.3,15.37,42.0,1551.0,8192.0
2026-07-31T20:20:35,1801.9,19.0,48.3,15.37,37.0,1551.0,8192.0
2026-07-31T20:20:37,1804.0,21.8,48.3,15.39,38.0,1551.0,8192.0
2026-07-31T20:20:39,1806.0,19.0,48.3,15.39,40.0,1549.0,8192.0
2026-07-31T20:20:41,1808.1,21.2,48.3,15.39,37.0,1551.0,8192.0
2026-07-31T20:20:43,1810.1,20.8,48.3,15.39,44.0,1551.0,8192.0
2026-07-31T20:20:45,1812.2,17.3,48.3,15.39,37.0,1551.0,8192.0
2026-07-31T20:20:47,1814.3,17.2,48.3,15.39,34.0,1551.0,8192.0
2026-07-31T20:20:49,1816.3,17.5,48.3,15.39,37.0,1557.0,8192.0
2026-07-31T20:20:51,1818.4,17.9,48.3,15.39,40.0,1556.0,8192.0
2026-07-31T20:20:54,1820.4,18.8,48.3,15.39,38.0,1551.0,8192.0
2026-07-31T20:20:56,1822.5,16.7,48.3,15.39,36.0,1551.0,8192.0
2026-07-31T20:20:58,1824.6,18.2,48.3,15.39,44.0,1556.0,8192.0
2026-07-31T20:21:00,1826.6,19.4,48.3,15.38,40.0,1557.0,8192.0
2026-07-31T20:21:02,1828.7,17.6,48.3,15.38,37.0,1552.0,8192.0
2026-07-31T20:21:04,1830.7,20.7,48.3,15.39,40.0,1556.0,8192.0
2026-07-31T20:21:06,1832.8,17.7,48.3,15.38,36.0,1556.0,8192.0
2026-07-31T20:21:08,1834.9,17.3,48.3,15.38,36.0,1551.0,8192.0
2026-07-31T20:21:10,1836.9,17.7,48.3,15.38,39.0,1551.0,8192.0
2026-07-31T20:21:12,1839.0,18.9,48.3,15.39,38.0,1557.0,8192.0
2026-07-31T20:21:14,1841.0,20.7,48.3,15.39,38.0,1565.0,8192.0
2026-07-31T20:21:16,1843.1,16.8,48.3,15.38,39.0,1546.0,8192.0
2026-07-31T20:21:18,1845.1,16.9,48.3,15.39,38.0,1555.0,8192.0
2026-07-31T20:21:20,1847.2,17.7,48.3,15.38,37.0,1555.0,8192.0
2026-07-31T20:21:22,1849.3,16.9,48.3,15.38,38.0,1546.0,8192.0
2026-07-31T20:21:24,1851.3,20.9,48.3,15.37,39.0,1546.0,8192.0
2026-07-31T20:21:26,1853.4,18.3,48.3,15.38,36.0,1550.0,8192.0
2026-07-31T20:21:28,1855.4,17.9,48.3,15.39,38.0,1543.0,8192.0
2026-07-31T20:21:31,1857.5,17.3,48.3,15.38,42.0,1543.0,8192.0
2026-07-31T20:21:33,1859.5,17.5,48.3,15.37,40.0,1549.0,8192.0
2026-07-31T20:21:35,1861.6,19.8,48.3,15.38,39.0,1548.0,8192.0
2026-07-31T20:21:37,1863.6,18.3,48.3,15.38,39.0,1543.0,8192.0
2026-07-31T20:21:39,1865.7,18.9,48.3,15.38,32.0,1543.0,8192.0
2026-07-31T20:21:41,1867.7,17.8,48.3,15.38,38.0,1556.0,8192.0
2026-07-31T20:21:43,1869.8,18.0,48.3,15.38,34.0,1556.0,8192.0
2026-07-31T20:21:45,1871.9,22.5,48.3,15.39,35.0,1551.0,8192.0
2026-07-31T20:21:47,1873.9,17.4,48.3,15.39,40.0,1556.0,8192.0
2026-07-31T20:21:49,1876.0,20.5,48.3,15.39,40.0,1556.0,8192.0
2026-07-31T20:21:51,1878.0,19.9,48.3,15.39,38.0,1551.0,8192.0
2026-07-31T20:21:53,1880.1,21.3,48.5,15.43,34.0,1551.0,8192.0
2026-07-31T20:21:55,1882.1,23.2,48.4,15.41,38.0,1556.0,8192.0
2026-07-31T20:21:57,1884.2,19.7,48.4,15.4,35.0,1556.0,8192.0
2026-07-31T20:21:59,1886.2,18.0,48.4,15.4,40.0,1551.0,8192.0
2026-07-31T20:22:01,1888.3,18.8,48.3,15.39,43.0,1556.0,8192.0
2026-07-31T20:22:03,1890.3,17.0,48.3,15.39,39.0,1565.0,8192.0
2026-07-31T20:22:05,1892.4,19.6,48.3,15.39,34.0,1554.0,8192.0
2026-07-31T20:22:08,1894.4,16.5,48.3,15.39,38.0,1562.0,8192.0
2026-07-31T20:22:10,1896.5,19.9,48.3,15.39,37.0,1563.0,8192.0
2026-07-31T20:22:12,1898.6,17.6,48.3,15.39,39.0,1562.0,8192.0
2026-07-31T20:22:14,1900.6,15.9,48.4,15.4,40.0,1553.0,8192.0
2026-07-31T20:22:16,1902.7,21.3,48.3,15.39,42.0,1553.0,8192.0
2026-07-31T20:22:18,1904.8,17.0,48.3,15.39,39.0,1558.0,8192.0
2026-07-31T20:22:20,1906.8,20.6,48.3,15.39,35.0,1557.0,8192.0
2026-07-31T20:22:22,1908.9,17.0,48.3,15.39,23.0,1551.0,8192.0
2026-07-31T20:22:24,1910.9,17.3,48.4,15.4,34.0,1551.0,8192.0
2026-07-31T20:22:26,1913.0,17.3,48.3,15.39,34.0,1556.0,8192.0
2026-07-31T20:22:28,1915.0,19.0,48.3,15.39,24.0,1556.0,8192.0
2026-07-31T20:22:30,1917.1,18.5,48.3,15.39,36.0,1551.0,8192.0
2026-07-31T20:22:32,1919.2,18.0,48.3,15.39,34.0,1556.0,8192.0
2026-07-31T20:22:34,1921.2,16.8,48.3,15.4,22.0,1556.0,8192.0
