date,AG,AI,AR,BE,BL,BS,FR,GE,GL,GR,JU,LU,NE,NW,OW,SG,SH,SO,SZ,TG,TI,UR,VD,VS,ZG,ZH
2015-01-01,1,1,1,1,1,1,1,1,1,1,1,1,1,1,1,1,1,1,1,1,1,1,1,1,1,1
2015-01-02,1,0,0,1,0,0,0,0,0,0,1,1,0,0,0,0,0,0,0,1,0,0,1,0,0,1
2015-01-06,0,0,0,0,0,0,0,0,0,0,0,0,0,0,0,0,0,0,1,0,1,1,0,0,0,0
2015-03-01,0,0,0,0,0,0,0,0,0,0,0,0,1,0,0,0,0,0,0,0,0,0,0,0,0,0
2015-03-19,0,0,0,0,0,0,0,0,0,0,0,0,0,1,0,0,0,0,1,0,1,1,0,1,0,0
2015-04-03,1,1,1,1,1,1,1,1,1,0,1,1,1,1,1,1,1,1,1,1,0,1,1,0,1,1
2015-04-06,1,1,1,1,1,1,0,1,1,1,1,1,0,0,0,1,1,0,1,1,1,1,1,0,0,1
2015-04-09,0,0,0,0,0,0,0,0,1,0,0,0,0,0,0,0,0,0,0,0,0,0,0,0,0,0
2015-05-01,1,0,0,0,1,1,0,0,0,0,1,0,1,0,0,0,1,0,0,1,1,0,0,0,0,1
2015-05-14,1,1,1,1,1,1,1,1,1,1,1,1,1,1,1,1,1,1,1,1,1,1,1,1,1,1
2015-05-25,1,1,1,1,1,1,0,1,1,1,1,1,0,0,0,1,1,0,1,1,1,1,1,0,0,1
2015-06-04,1,1,0,0,0,0,0,0,0,0,1,1,1,1,1,0,0,0,1,0,1,1,0,1,1,0
2015-06-23,0,0,0,0,0,0,0,0,0,0,1,0,0,0,0,0,0,0,0,0,0,0,0,0,0,0
2015-06-29,0,0,0,0,0,0,0,0,0,0,0,0,0,0,0,0,0,0,0,0,1,0,0,0,0,0
2015-08-01,1,1,1,1,1,1,1,1,1,1,1,1,1,1,1,1,1,1,1,1,1,1,1,1,1,1
2015-08-15,1,1,0,0,0,0,0,0,0,0,1,1,0,1,1,0,0,0,1,0,1,1,0,1,1,0
2015-09-10,0,0,0,0,0,0,0,1,0,0,0,0,0,0,0,0,0,0,0,0,0,0,0,0,0,0
2015-09-12,0,0,0,0,0,0,0,0,0,0,0,0,0,0,0,0,0,0,0,0,0,0,0,0,0,1
2015-09-13,0,0,0,0,0,0,0,0,0,0,0,0,0,0,0,0,0,0,0,0,0,0,0,0,0,1
2015-09-21,0,0,0,0,0,0,0,0,0,0,0,0,0,0,0,0,0,0,0,0,0,0,1,0,0,0
2015-09-25,0,0,0,0,0,0,0,0,0,0,0,0,0,0,1,0,0,0,0,0,0,0,0,0,0,0
2015-11-01,1,1,0,0,0,0,0,0,1,0,1,1,0,1,1,1,0,0,1,0,1,1,0,1,1,0
2015-12-08,1,1,0,0,0,0,0,0,0,0,0,1,0,1,1,0,0,0,1,0,1,1,0,1,1,0
2015-12-25,1,1,1,1,1,1,1,1,1,1,1,1,1,1,1,1,1,1,1,1,1,1,1,1,1,1
2015-12-26,1,0,0,1,1,1,0,0,1,1,0,1,0,0,0,1,1,0,1,1,1,0,0,0,0,1
2015-12-31,0,0,0,0,0,0,0,1,0,0,0,0,0,0,0,0,0,0,0,0,0,0,0,0,0,0
2016-01-01,1,1,1,1,1,1,1,1,1,1,1,1,1,1,1,1,1,1,1,1,1,1,1,1,1,1
2016-01-02,1,0,0,1,0,0,0,0,0,0,1,1,0,0,0,0,0,0,0,1,0,0,1,0,0,1
2016-01-06,0,0,0,0,0,0,0,0,0,0,0,0,0,0,0,0,0,0,1,0,1,1,0,0,0,0
2016-03-01,0,0,0,0,0,0,0,0,0,0,0,0,1,0,0,0,0,0,0,0,0,0,0,0,0,0
2016-03-19,0,0,0,0,0,0,0,0,0,0,0,0,0,1,0,0,0,0,1,0,1,1,0,1,0,0
2016-03-25,1,1,1,1,1,1,1,1,1,0,1,1,1,1,1,1,1,1,1,1,0,1,1,0,1,1
2016-03-28,1,1,1,1,1,1,0,1,1,1,1,1,0,0,0,1,1,0,1,1,1,1,1,0,0,1
2016-04-07,0,0,0,0,0,0,0,0,1,0,0,0,0,0,0,0,0,0,0,0,0,0,0,0,0,0
2016-05-01,1,0,0,0,1,1,0,0,0,0,1,0,1,0,0,0,1,0,0,1,1,0,0,0,0,1
2016-05-05,1,1,1,1,1,1,1,1,1,1,1,1,1,1,1,1,1,1,1,1,1,1,1,1,1,1
2016-05-16,1,1,1,1,1,1,0,1,1,1,1,1,0,0,0,1,1,0,1,1,1,1,1,0,0,1
2016-05-26,1,1,0,0,0,0,0,0,0,0,1,1,1,1,1,0,0,0,1,0,1,1,0,1,1,0
2016-06-23,0,0,0,0,0,0,0,0,0,0,1,0,0,0,0,0,0,0,0,0,0,0,0,0,0,0
2016-06-29,0,0,0,0,0,0,0,0,0,0,0,0,0,0,0,0,0,0,0,0,1,0,0,0,0,0
2016-08-01,1,1,1,1,1,1,1,1,1,1,1,1,1,1,1,1,1,1,1,1,1,1,1,1,1,1
2016-08-15,1,1,0,0,0,0,0,0,0,0,1,1,0,1,1,0,0,0,1,0,1,1,0,1,1,0
2016-09-08,0,0,0,0,0,0,0,1,0,0,0,0,0,0,0,0,0,0,0,0,0,0,0,0,0,0
2016-09-10,0,0,0,0,0,0,0,0,0,0,0,0,0,0,0,0,0,0,0,0,0,0,0,0,0,1
2016-09-11,0,0,0,0,0,0,0,0,0,0,0,0,0,0,0,0,0,0,0,0,0,0,0,0,0,1
2016-09-19,0,0,0,0,0,0,0,0,0,0,0,0,0,0,0,0,0,0,0,0,0,0,1,0,0,0
2016-09-25,0,0,0,0,0,0,0,0,0,0,0,0,0,0,1,0,0,0,0,0,0,0,0,0,0,0
2016-11-01,1,1,0,0,0,0,0,0,1,0,1,1,0,1,1,1,0,0,1,0,1,1,0,1,1,0
2016-12-08,1,1,0,0,0,0,0,0,0,0,0,1,0,1,1,0,0,0,1,0,1,1,0,1,1,0
2016-12-25,1,1,1,1,1,1,1,1,1,1,1,1,1,1,1,1,1,1,1,1,1,1,1,1,1,1
2016-12-26,1,1,1,1,1,1,0,0,1,1,0,1,1,0,0,1,1,0,1,1,1,1,0,0,0,1
2016-12-31,0,0,0,0,0,0,0,1,0,0,0,0,0,0,0,0,0,0,0,0,0,0,0,0,0,0
2017-01-01,1,1,1,1,1,1,1,1,1,1,1,1,1,1,1,1,1,1,1,1,1,1,1,1,1,1
2017-01-02,1,0,0,1,0,0,0,0,0,0,1,1,1,0,0,0,0,0,0,1,0,0,1,0,0,1
2017-01-06,0,0,0,0,0,0,0,0,0,0,0,0,0,0,0,0,0,0,1,0,1,1,0,0,0,0
2017-03-01,0,0,0,0,0,0,0,0,0,0,0,0,1,0,0,0,0,0,0,0,0,0,0,0,0,0
2017-03-19,0,0,0,0,0,0,0,0,0,0,0,0,0,1,0,0,0,0,1,0,1,1,0,1,0,0
2017-04-06,0,0,0,0,0,0,0,0,1,0,0,0,0,0,0,0,0,0,0,0,0,0,0,0,0,0
2017-04-14,1,1,1,1,1,1,1,1,1,0,1,1,1,1,1,1,1,1,1,1,0,1,1,0,1,1
2017-04-17,1,1,1,1,1,1,0,1,1,1,1,1,0,0,0,1,1,0,1,1,1,1,1,0,0,1
2017-05-01,1,0,0,0,1,1,0,0,0,0,1,0,1,0,0,0,1,0,0,1,1,0,0,0,0,1
2017-05-25,1,1,1,1,1,1,1,1,1,1,1,1,1,1,1,1,1,1,1,1,1,1,1,1,1,1
2017-06-05,1,1,1,1,1,1,0,1,1,1,1,1,0,0,0,1,1,0,1,1,1,1,1,0,0,1
2017-06-15,1,1,0,0,0,0,0,0,0,0,1,1,1,1,1,0,0,0,1,0,1,1,0,1,1,0
2017-06-23,0,0,0,0,0,0,0,0,0,0,1,0,0,0,0,0,0,0,0,0,0,0,0,0,0,0
2017-06-29,0,0,0,0,0,0,0,0,0,0,0,0,0,0,0,0,0,0,0,0,1,0,0,0,0,0
2017-08-01,1,1,1,1,1,1,1,1,1,1,1,1,1,1,1,1,1,1,1,1,1,1,1,1,1,1
2017-08-15,1,1,0,0,0,0,0,0,0,0,1,1,0,1,1,0,0,0,1,0,1,1,0,1,1,0
2017-09-07,0,0,0,0,0,0,0,1,0,0,0,0,0,0,0,0,0,0,0,0,0,0,0,0,0,0
2017-09-09,0,0,0,0,0,0,0,0,0,0,0,0,0,0,0,0,0,0,0,0,0,0,0,0,0,1
2017-09-10,0,0,0,0,0,0,0,0,0,0,0,0,0,0,0,0,0,0,0,0,0,0,0,0,0,1
2017-09-18,0,0,0,0,0,0,0,0,0,0,0,0,0,0,0,0,0,0,0,0,0,0,1,0,0,0
2017-09-25,0,0,0,0,0,0,0,0,0,0,0,0,0,0,1,0,0,0,0,0,0,0,0,0,0,0
2017-11-01,1,1,0,0,0,0,0,0,1,0,1,1,0,1,1,1,0,0,1,0,1,1,0,1,1,0
2017-12-08,1,1,0,0,0,0,0,0,0,0,0,1,0,1,1,0,0,0,1,0,1,1,0,1,1,0
2017-12-25,1,1,1,1,1,1,1,1,1,1,1,1,1,1,1,1,1,1,1,1,1,1,1,1,1,1
2017-12-26,1,0,0,1,1,1,0,0,1,1,0,1,0,0,0,1,1,0,1,1,1,0,0,0,0,1
2017-12-31,0,0,0,0,0,0,0,1,0,0,0,0,0,0,0,0,0,0,0,0,0,0,0,0,0,0
2018-01-01,1,1,1,1,1,1,1,1,1,1,1,1,1,1,1,1,1,1,1,1,1,1,1,1,1,1
2018-01-02,1,0,0,1,0,0,0,0,0,0,1,1,0,0,0,0,0,0,0,1,0,0,1,0,0,1
2018-01-06,0,0,0,0,0,0,0,0,0,0,0,0,0,0,0,0,0,0,1,0,1,1,0,0,0,0
2018-03-01,0,0,0,0,0,0,0,0,0,0,0,0,1,0,0,0,0,0,0,0,0,0,0,0,0,0
2018-03-19,0,0,0,0,0,0,0,0,0,0,0,0,0,1,0,0,0,0,1,0,1,1,0,1,0,0
2018-03-30,1,1,1,1,1,1,1,1,1,0,1,1,1,1,1,1,1,1,1,1,0,1,1,0,1,1
2018-04-02,1,1,1,1,1,1,0,1,1,1,1,1,0,0,0,1,1,0,1,1,1,1,1,0,0,1
2018-04-05,0,0,0,0,0,0,0,0,1,0,0,0,0,0,0,0,0,0,0,0,0,0,0,0,0,0
2018-05-01,1,0,0,0,1,1,0,0,0,0,1,0,1,0,0,0,1,0,0,1,1,0,0,0,0,1
2018-05-10,1,1,1,1,1,1,1,1,1,1,1,1,1,1,1,1,1,1,1,1,1,1,1,1,1,1
2018-05-21,1,1,1,1,1,1,0,1,1,1,1,1,0,0,0,1,1,0,1,1,1,1,1,0,0,1
2018-05-31,1,1,0,0,0,0,0,0,0,0,1,1,1,1,1,0,0,0,1,0,1,1,0,1,1,0
2018-06-23,0,0,0,0,0,0,0,0,0,0,1,0,0,0,0,0,0,0,0,0,0,0,0,0,0,0
2018-06-29,0,0,0,0,0,0,0,0,0,0,0,0,0,0,0,0,0,0,0,0,1,0,0,0,0,0
2018-08-01,1,1,1,1,1,1,1,1,1,1,1,1,1,1,1,1,1,1,1,1,1,1,1,1,1,1
2018-08-15,1,1,0,0,0,0,0,0,0,0,1,1,0,1,1,0,0,0,1,0,1,1,0,1,1,0
2018-09-06,0,0,0,0,0,0,0,1,0,0,0,0,0,0,0,0,0,0,0,0,0,0,0,0,0,0
2018-09-08,0,0,0,0,0,0,0,0,0,0,0,0,0,0,0,0,0,0,0,0,0,0,0,0,0,1
2018-09-09,0,0,0,0,0,0,0,0,0,0,0,0,0,0,0,0,0,0,0,0,0,0,0,0,0,1
2018-09-17,0,0,0,0,0,0,0,0,0,0,0,0,0,0,0,0,0,0,0,0,0,0,1,0,0,0
2018-09-25,0,0,0,0,0,0,0,0,0,0,0,0,0,0,1,0,0,0,0,0,0,0,0,0,0,0
2018-11-01,1,1,0,0,0,0,0,0,1,0,1,1,0,1,1,1,0,0,1,0,1,1,0,1,1,0
2018-12-08,1,1,0,0,0,0,0,0,0,0,0,1,0,1,1,0,0,0,1,0,1,1,0,1,1,0
2018-12-25,1,1,1,1,1,1,1,1,1,1,1,1,1,1,1,1,1,1,1,1,1,1,1,1,1,1
2018-12-26,1,1,1,1,1,1,0,0,1,1,0,1,0,0,0,1,1,0,1,1,1,1,0,0,0,1
2018-12-31,0,0,0,0,0,0,0,1,0,0,0,0,0,0,0,0,0,0,0,0,0,0,0,0,0,0
2019-01-01,1,1,1,1,1,1,1,1,1,1,1,1,1,1,1,1,1,1,1,1,1,1,1,1,1,1
2019-01-02,1,0,0,1,0,0,0,0,0,0,1,1,0,0,0,0,0,0,0,1,0,0,1,0,0,1
2019-01-06,0,0,0,0,0,0,0,0,0,0,0,0,0,0,0,0,0,0,1,0,1,1,0,0,0,0
2019-03-01,0,0,0,0,0,0,0,0,0,0,0,0,1,0,0,0,0,0,0,0,0,0,0,0,0,0
2019-03-19,0,0,0,0,0,0,0,0,0,0,0,0,0,1,0,0,0,0,1,0,1,1,0,1,0,0
2019-04-04,0,0,0,0,0,0,0,0,1,0,0,0,0,0,0,0,0,0,0,0,0,0,0,0,0,0
2019-04-19,1,1,1,1,1,1,1,1,1,0,1,1,1,1,1,1,1,1,1,1,0,1,1,0,1,1
2019-04-22,1,1,1,1,1,1,0,1,1,1,1,1,0,0,0,1,1,0,1,1,1,1,1,0,0,1
2019-05-01,1,0,0,0,1,1,0,0,0,0,1,0,1,0,0,0,1,0,0,1,1,0,0,0,0,1
2019-05-30,1,1,1,1,1,1,1,1,1,1,1,1,1,1,1,1,1,1,1,1,1,1,1,1,1,1
2019-06-10,1,1,1,1,1,1,0,1,1,1,1,1,0,0,0,1,1,0,1,1,1,1,1,0,0,1
2019-06-20,1,1,0,0,0,0,0,0,0,0,1,1,1,1,1,0,0,0,1,0,1,1,0,1,1,0
2019-06-23,0,0,0,0,0,0,0,0,0,0,1,0,0,0,0,0,0,0,0,0,0,0,0,0,0,0
2019-06-29,0,0,0,0,0,0,0,0,0,0,0,0,0,0,0,0,0,0,0,0,1,0,0,0,0,0
2019-08-01,1,1,1,1,1,1,1,1,1,1,1,1,1,1,1,1,1,1,1,1,1,1,1,1,1,1
2019-08-15,1,1,0,0,0,0,0,0,0,0,1,1,0,1,1,0,0,0,1,0,1,1,0,1,1,0
2019-09-05,0,0,0,0,0,0,0,1,0,0,0,0,0,0,0,0,0,0,0,0,0,0,0,0,0,0
2019-09-07,0,0,0,0,0,0,0,0,0,0,0,0,0,0,0,0,0,0,0,0,0,0,0,0,0,1
2019-09-08,0,0,0,0,0,0,0,0,0,0,0,0,0,0,0,0,0,0,0,0,0,0,0,0,0,1
2019-09-16,0,0,0,0,0,0,0,0,0,0,0,0,0,0,0,0,0,0,0,0,0,0,1,0,0,0
2019-09-25,0,0,0,0,0,0,0,0,0,0,0,0,0,0,1,0,0,0,0,0,0,0,0,0,0,0
2019-11-01,1,1,0,0,0,0,0,0,1,0,1,1,0,1,1,1,0,0,1,0,1,1,0,1,1,0
2019-12-08,1,1,0,0,0,0,0,0,0,0,0,1,0,1,1,0,0,0,1,0,1,1,0,1,1,0
2019-12-25,1,1,1,1,1,1,1,1,1,1,1,1,1,1,1,1,1,1,1,1,1,1,1,1,1,1
2019-12-26,1,1,1,1,1,1,0,0,1,1,0,1,0,0,0,1,1,0,1,1,1,1,0,0,0,1
2019-12-31,0,0,0,0,0,0,0,1,0,0,0,0,0,0,0,0,0,0,0,0,0,0,0,0,0,0
2020-01-01,1,1,1,1,1,1,1,1,1,1,1,1,1,1,1,1,1,1,1,1,1,1,1,1,1,1
2020-01-02,1,0,0,1,0,0,0,0,0,0,1,1,0,0,0,0,0,0,0,1,0,0,1,0,0,1
2020-01-06,0,0,0,0,0,0,0,0,0,0,0,0,0,0,0,0,0,0,1,0,1,1,0,0,0,0
2020-03-01,0,0,0,0,0,0,0,0,0,0,0,0,1,0,0,0,0,0,0,0,0,0,0,0,0,0
2020-03-19,0,0,0,0,0,0,0,0,0,0,0,0,0,1,0,0,0,0,1,0,1,1,0,1,0,0
2020-04-02,0,0,0,0,0,0,0,0,1,0,0,0,0,0,0,0,0,0,0,0,0,0,0,0,0,0
2020-04-10,1,1,1,1,1,1,1,1,1,0,1,1,1,1,1,1,1,1,1,1,0,1,1,0,1,1
2020-04-13,1,1,1,1,1,1,0,1,1,1,1,1,0,0,0,1,1,0,1,1,1,1,1,0,0,1
2020-05-01,1,0,0,0,1,1,0,0,0,0,1,0,1,0,0,0,1,0,0,1,1,0,0,0,0,1
2020-05-21,1,1,1,1,1,1,1,1,1,1,1,1,1,1,1,1,1,1,1,1,1,1,1,1,1,1
2020-06-01,1,1,1,1,1,1,0,1,1,1,1,1,0,0,0,1,1,0,1,1,1,1,1,0,0,1
2020-06-11,1,1,0,0,0,0,0,0,0,0,1,1,1,1,1,0,0,0,1,0,1,1,0,1,1,0
2020-06-23,0,0,0,0,0,0,0,0,0,0,1,0,0,0,0,0,0,0,0,0,0,0,0,0,0,0
2020-06-29,0,0,0,0,0,0,0,0,0,0,0,0,0,0,0,0,0,0,0,0,1,0,0,0,0,0
2020-08-01,1,1,1,1,1,1,1,1,1,1,1,1,1,1,1,1,1,1,1,1,1,1,1,1,1,1
2020-08-15,1,1,0,0,0,0,0,0,0,0,1,1,0,1,1,0,0,0,1,0,1,1,0,1,1,0
2020-09-10,0,0,0,0,0,0,0,1,0,0,0,0,0,0,0,0,0,0,0,0,0,0,0,0,0,0
2020-09-12,0,0,0,0,0,0,0,0,0,0,0,0,0,0,0,0,0,0,0,0,0,0,0,0,0,1
2020-09-13,0,0,0,0,0,0,0,0,0,0,0,0,0,0,0,0,0,0,0,0,0,0,0,0,0,1
2020-09-21,0,0,0,0,0,0,0,0,0,0,0,0,0,0,0,0,0,0,0,0,0,0,1,0,0,0
2020-09-25,0,0,0,0,0,0,0,0,0,0,0,0,0,0,1,0,0,0,0,0,0,0,0,0,0,0
2020-11-01,1,1,0,0,0,0,0,0,1,0,1,1,0,1,1,1,0,0,1,0,1,1,0,1,1,0
2020-12-08,1,1,0,0,0,0,0,0,0,0,0,1,0,1,1,0,0,0,1,0,1,1,0,1,1,0
2020-12-25,1,1,1,1,1,1,1,1,1,1,1,1,1,1,1,1,1,1,1,1,1,1,1,1,1,1
2020-12-26,1,0,0,1,1,1,0,0,1,1,0,1,0,0,0,1,1,0,1,1,1,0,0,0,0,1
2020-12-31,0,0,0,0,0,0,0,1,0,0,0,0,0,0,0,0,0,0,0,0,0,0,0,0,0,0
2021-01-01,1,1,1,1,1,1,1,1,1,1,1,1,1,1,1,1,1,1,1,1,1,1,1,1,1,1
2021-01-02,1,0,0,1,0,0,0,0,0,0,1,1,0,0,0,0,0,0,0,1,0,0,1,0,0,1
2021-01-06,0,0,0,0,0,0,0,0,0,0,0,0,0,0,0,0,0,0,1,0,1,1,0,0,0,0
2021-03-01,0,0,0,0,0,0,0,0,0,0,0,0,1,0,0,0,0,0,0,0,0,0,0,0,0,0
2021-03-19,0,0,0,0,0,0,0,0,0,0,0,0,0,1,0,0,0,0,1,0,1,1,0,1,0,0
2021-04-02,1,1,1,1,1,1,1,1,1,0,1,1,1,1,1,1,1,1,1,1,0,1,1,0,1,1
2021-04-05,1,1,1,1,1,1,0,1,1,1,1,1,0,0,0,1,1,0,1,1,1,1,1,0,0,1
2021-04-08,0,0,0,0,0,0,0,0,1,0,0,0,0,0,0,0,0,0,0,0,0,0,0,0,0,0
2021-05-01,1,0,0,0,1,1,0,0,0,0,1,0,1,0,0,0,1,0,0,1,1,0,0,0,0,1
2021-05-13,1,1,1,1,1,1,1,1,1,1,1,1,1,1,1,1,1,1,1,1,1,1,1,1,1,1
2021-05-24,1,1,1,1,1,1,0,1,1,1,1,1,0,0,0,1,1,0,1,1,1,1,1,0,0,1
2021-06-03,1,1,0,0,0,0,0,0,0,0,1,1,1,1,1,0,0,0,1,0,1,1,0,1,1,0
2021-06-23,0,0,0,0,0,0,0,0,0,0,1,0,0,0,0,0,0,0,0,0,0,0,0,0,0,0
2021-06-29,0,0,0,0,0,0,0,0,0,0,0,0,0,0,0,0,0,0,0,0,1,0,0,0,0,0
2021-08-01,1,1,1,1,1,1,1,1,1,1,1,1,1,1,1,1,1,1,1,1,1,1,1,1,1,1
2021-08-15,1,1,0,0,0,0,0,0,0,0,1,1,0,1,1,0,0,0,1,0,1,1,0,1,1,0
2021-09-09,0,0,0,0,0,0,0,1,0,0,0,0,0,0,0,0,0,0,0,0,0,0,0,0,0,0
2021-09-11,0,0,0,0,0,0,0,0,0,0,0,0,0,0,0,0,0,0,0,0,0,0,0,0,0,1
2021-09-12,0,0,0,0,0,0,0,0,0,0,0,0,0,0,0,0,0,0,0,0,0,0,0,0,0,1
2021-09-20,0,0,0,0,0,0,0,0,0,0,0,0,0,0,0,0,0,0,0,0,0,0,1,0,0,0
2021-09-25,0,0,0,0,0,0,0,0,0,0,0,0,0,0,1,0,0,0,0,0,0,0,0,0,0,0
2021-11-01,1,1,0,0,0,0,0,0,1,0,1,1,0,1,1,1,0,0,1,0,1,1,0,1,1,0
2021-12-08,1,1,0,0,0,0,0,0,0,0,0,1,0,1,1,0,0,0,1,0,1,1,0,1,1,0
2021-12-25,1,1,1,1,1,1,1,1,1,1,1,1,1,1,1,1,1,1,1,1,1,1,1,1,1,1
2021-12-26,1,1,1,1,1,1,0,0,1,1,0,1,0,0,0,1,1,0,1,1,1,1,0,0,0,1
2021-12-31,0,0,0,0,0,0,0,1,0,0,0,0,0,0,0,0,0,0,0,0,0,0,0,0,0,0
2022-01-01,1,1,1,1,1,1,1,1,1,1,1,1,1,1,1,1,1,1,1,1,1,1,1,1,1,1
2022-01-02,1,0,0,1,0,0,0,0,0,0,1,1,0,0,0,0,0,0,0,1,0,0,1,0,0,1
2022-01-06,0,0,0,0,0,0,0,0,0,0,0,0,0,0,0,0,0,0,1,0,1,1,0,0,0,0
2022-03-01,0,0,0,0,0,0,0,0,0,0,0,0,1,0,0,0,0,0,0,0,0,0,0,0,0,0
2022-03-19,0,0,0,0,0,0,0,0,0,0,0,0,0,1,0,0,0,0,1,0,1,1,0,1,0,0
2022-04-07,0,0,0,0,0,0,0,0,1,0,0,0,0,0,0,0,0,0,0,0,0,0,0,0,0,0
2022-04-15,1,1,1,1,1,1,1,1,1,0,1,1,1,1,1,1,1,1,1,1,0,1,1,0,1,1
2022-04-18,1,1,1,1,1,1,0,1,1,1,1,1,0,0,0,1,1,0,1,1,1,1,1,0,0,1
2022-05-01,1,0,0,0,1,1,0,0,0,0,1,0,1,0,0,0,1,0,0,1,1,0,0,0,0,1
2022-05-26,1,1,1,1,1,1,1,1,1,1,1,1,1,1,1,1,1,1,1,1,1,1,1,1,1,1
2022-06-06,1,1,1,1,1,1,0,1,1,1,1,1,0,0,0,1,1,0,1,1,1,1,1,0,0,1
2022-06-16,1,1,0,0,0,0,0,0,0,0,1,1,1,1,1,0,0,0,1,0,1,1,0,1,1,0
2022-06-23,0,0,0,0,0,0,0,0,0,0,1,0,0,0,0,0,0,0,0,0,0,0,0,0,0,0
2022-06-29,0,0,0,0,0,0,0,0,0,0,0,0,0,0,0,0,0,0,0,0,1,0,0,0,0,0
2022-08-01,1,1,1,1,1,1,1,1,1,1,1,1,1,1,1,1,1,1,1,1,1,1,1,1,1,1
2022-08-15,1,1,0,0,0,0,0,0,0,0,1,1,0,1,1,0,0,0,1,0,1,1,0,1,1,0
2022-09-08,0,0,0,0,0,0,0,1,0,0,0,0,0,0,0,0,0,0,0,0,0,0,0,0,0,0
2022-09-10,0,0,0,0,0,0,0,0,0,0,0,0,0,0,0,0,0,0,0,0,0,0,0,0,0,1
2022-09-11,0,0,0,0,0,0,0,0,0,0,0,0,0,0,0,0,0,0,0,0,0,0,0,0,0,1
2022-09-19,0,0,0,0,0,0,0,0,0,0,0,0,0,0,0,0,0,0,0,0,0,0,1,0,0,0
2022-09-25,0,0,0,0,0,0,0,0,0,0,0,0,0,0,1,0,0,0,0,0,0,0,0,0,0,0
2022-11-01,1,1,0,0,0,0,0,0,1,0,1,1,0,1,1,1,0,0,1,0,1,1,0,1,1,0
2022-12-08,1,1,0,0,0,0,0,0,0,0,0,1,0,1,1,0,0,0,1,0,1,1,0,1,1,0
2022-12-25,1,1,1,1,1,1,1,1,1,1,1,1,1,1,1,1,1,1,1,1,1,1,1,1,1,1
2022-12-26,1,1,1,1,1,1,0,0,1,1,0,1,1,0,0,1,1,0,1,1,1,1,0,0,0,1
2022-12-31,0,0,0,0,0,0,0,1,0,0,0,0,0,0,0,0,0,0,0,0,0,0,0,0,0,0
2023-01-01,1,1,1,1,1,1,1,1,1,1,1,1,1,1,1,1,1,1,1,1,1,1,1,1,1,1
2023-01-02,1,0,0,1,0,0,0,0,0,0,1,1,1,0,0,0,0,0,0,1,0,0,1,0,0,1
2023-01-06,0,0,0,0,0,0,0,0,0,0,0,0,0,0,0,0,0,0,1,0,1,1,0,0,0,0
2023-03-01,0,0,0,0,0,0,0,0,0,0,0,0,1,0,0,0,0,0,0,0,0,0,0,0,0,0
2023-03-19,0,0,0,0,0,0,0,0,0,0,0,0,0,1,0,0,0,0,1,0,1,1,0,1,0,0
2023-04-07,1,1,1,1,1,1,1,1,1,0,1,1,1,1,1,1,1,1,1,1,0,1,1,0,1,1
2023-04-10,1,1,1,1,1,1,0,1,1,1,1,1,0,0,0,1,1,0,1,1,1,1,1,0,0,1
2023-04-13,0,0,0,0,0,0,0,0,1,0,0,0,0,0,0,0,0,0,0,0,0,0,0,0,0,0
2023-05-01,1,0,0,0,1,1,0,0,0,0,1,0,1,0,0,0,1,0,0,1,1,0,0,0,0,1
2023-05-18,1,1,1,1,1,1,1,1,1,1,1,1,1,1,1,1,1,1,1,1,1,1,1,1,1,1
2023-05-29,1,1,1,1,1,1,0,1,1,1,1,1,0,0,0,1,1,0,1,1,1,1,1,0,0,1
2023-06-08,1,1,0,0,0,0,0,0,0,0,1,1,1,1,1,0,0,0,1,0,1,1,0,1,1,0
2023-06-23,0,0,0,0,0,0,0,0,0,0,1,0,0,0,0,0,0,0,0,0,0,0,0,0,0,0
2023-06-29,0,0,0,0,0,0,0,0,0,0,0,0,0,0,0,0,0,0,0,0,1,0,0,0,0,0
2023-08-01,1,1,1,1,1,1,1,1,1,1,1,1,1,1,1,1,1,1,1,1,1,1,1,1,1,1
2023-08-15,1,1,0,0,0,0,0,0,0,0,1,1,0,1,1,0,0,0,1,0,1,1,0,1,1,0
2023-09-07,0,0,0,0,0,0,0,1,0,0,0,0,0,0,0,0,0,0,0,0,0,0,0,0,0,0
2023-09-09,0,0,0,0,0,0,0,0,0,0,0,0,0,0,0,0,0,0,0,0,0,0,0,0,0,1
2023-09-10,0,0,0,0,0,0,0,0,0,0,0,0,0,0,0,0,0,0,0,0,0,0,0,0,0,1
2023-09-18,0,0,0,0,0,0,0,0,0,0,0,0,0,0,0,0,0,0,0,0,0,0,1,0,0,0
2023-09-25,0,0,0,0,0,0,0,0,0,0,0,0,0,0,1,0,0,0,0,0,0,0,0,0,0,0
2023-11-01,1,1,0,0,0,0,0,0,1,0,1,1,0,1,1,1,0,0,1,0,1,1,0,1,1,0
2023-12-08,1,1,0,0,0,0,0,0,0,0,0,1,0,1,1,0,0,0,1,0,1,1,0,1,1,0
2023-12-25,1,1,1,1,1,1,1,1,1,1,1,1,1,1,1,1,1,1,1,1,1,1,1,1,1,1
2023-12-26,1,0,0,1,1,1,0,0,1,1,0,1,0,0,0,1,1,0,1,1,1,0,0,0,0,1
2023-12-31,0,0,0,0,0,0,0,1,0,0,0,0,0,0,0,0,0,0,0,0,0,0,0,0,0,0
2024-01-01,1,1,1,1,1,1,1,1,1,1,1,1,1,1,1,1,1,1,1,1,1,1,1,1,1,1
2024-01-02,1,0,0,1,0,0,0,0,0,0,1,1,0,0,0,0,0,0,0,1,0,0,1,0,0,1
2024-01-06,0,0,0,0,0,0,0,0,0,0,0,0,0,0,0,0,0,0,1,0,1,1,0,0,0,0
2024-03-01,0,0,0,0,0,0,0,0,0,0,0,0,1,0,0,0,0,0,0,0,0,0,0,0,0,0
2024-03-19,0,0,0,0,0,0,0,0,0,0,0,0,0,1,0,0,0,0,1,0,1,1,0,1,0,0
2024-03-29,1,1,1,1,1,1,1,1,1,0,1,1,1,1,1,1,1,1,1,1,0,1,1,0,1,1
2024-04-01,1,1,1,1,1,1,0,1,1,1,1,1,0,0,0,1,1,0,1,1,1,1,1,0,0,1
2024-04-04,0,0,0,0,0,0,0,0,1,0,0,0,0,0,0,0,0,0,0,0,0,0,0,0,0,0
2024-05-01,1,0,0,0,1,1,0,0,0,0,1,0,1,0,0,0,1,0,0,1,1,0,0,0,0,1
2024-05-09,1,1,1,1,1,1,1,1,1,1,1,1,1,1,1,1,1,1,1,1,1,1,1,1,1,1
2024-05-20,1,1,1,1,1,1,0,1,1,1,1,1,0,0,0,1,1,0,1,1,1,1,1,0,0,1
2024-05-30,1,1,0,0,0,0,0,0,0,0,1,1,1,1,1,0,0,0,1,0,1,1,0,1,1,0
2024-06-23,0,0,0,0,0,0,0,0,0,0,1,0,0,0,0,0,0,0,0,0,0,0,0,0,0,0
2024-06-29,0,0,0,0,0,0,0,0,0,0,0,0,0,0,0,0,0,0,0,0,1,0,0,0,0,0
2024-08-01,1,1,1,1,1,1,1,1,1,1,1,1,1,1,1,1,1,1,1,1,1,1,1,1,1,1
2024-08-15,1,1,0,0,0,0,0,0,0,0,1,1,0,1,1,0,0,0,1,0,1,1,0,1,1,0
2024-09-05,0,0,0,0,0,0,0,1,0,0,0,0,0,0,0,0,0,0,0,0,0,0,0,0,0,0
2024-09-07,0,0,0,0,0,0,0,0,0,0,0,0,0,0,0,0,0,0,0,0,0,0,0,0,0,1
2024-09-08,0,0,0,0,0,0,0,0,0,0,0,0,0,0,0,0,0,0,0,0,0,0,0,0,0,1
2024-09-16,0,0,0,0,0,0,0,0,0,0,0,0,0,0,0,0,0,0,0,0,0,0,1,0,0,0
2024-09-25,0,0,0,0,0,0,0,0,0,0,0,0,0,0,1,0,0,0,0,0,0,0,0,0,0,0
2024-11-01,1,1,0,0,0,0,0,0,1,0,1,1,0,1,1,1,0,0,1,0,1,1,0,1,1,0
2024-12-08,1,1,0,0,0,0,0,0,0,0,0,1,0,1,1,0,0,0,1,0,1,1,0,1,1,0
2024-12-25,1,1,1,1,1,1,1,1,1,1,1,1,1,1,1,1,1,1,1,1,1,1,1,1,1,1
2024-12-26,1,1,1,1,1,1,0,0,1,1,0,1,0,0,0,1,1,0,1,1,1,1,0,0,0,1
2024-12-31,0,0,0,0,0,0,0,1,0,0,0,0,0,0,0,0,0,0,0,0,0,0,0,0,0,0
2025-01-01,1,1,1,1,1,1,1,1,1,1,1,1,1,1,1,1,1,1,1,1,1,1,1,1,1,1
2025-01-02,1,0,0,1,0,0,0,0,0,0,1,1,0,0,0,0,0,0,0,1,0,0,1,0,0,1
2025-01-06,0,0,0,0,0,0,0,0,0,0,0,0,0,0,0,0,0,0,1,0,1,1,0,0,0,0
2025-03-01,0,0,0,0,0,0,0,0,0,0,0,0,1,0,0,0,0,0,0,0,0,0,0,0,0,0
2025-03-19,0,0,0,0,0,0,0,0,0,0,0,0,0,1,0,0,0,0,1,0,1,1,0,1,0,0
2025-04-03,0,0,0,0,0,0,0,0,1,0,0,0,0,0,0,0,0,0,0,0,0,0,0,0,0,0
2025-04-18,1,1,1,1,1,1,1,1,1,0,1,1,1,1,1,1,1,1,1,1,0,1,1,0,1,1
2025-04-21,1,1,1,1,1,1,0,1,1,1,1,1,0,0,0,1,1,0,1,1,1,1,1,0,0,1
2025-05-01,1,0,0,0,1,1,0,0,0,0,1,0,1,0,0,0,1,0,0,1,1,0,0,0,0,1
2025-05-29,1,1,1,1,1,1,1,1,1,1,1,1,1,1,1,1,1,1,1,1,1,1,1,1,1,1
2025-06-09,1,1,1,1,1,1,0,1,1,1,1,1,0,0,0,1,1,0,1,1,1,1,1,0,0,1
2025-06-19,1,1,0,0,0,0,0,0,0,0,1,1,1,1,1,0,0,0,1,0,1,1,0,1,1,0
2025-06-23,0,0,0,0,0,0,0,0,0,0,1,0,0,0,0,0,0,0,0,0,0,0,0,0,0,0
2025-06-29,0,0,0,0,0,0,0,0,0,0,0,0,0,0,0,0,0,0,0,0,1,0,0,0,0,0
2025-08-01,1,1,1,1,1,1,1,1,1,1,1,1,1,1,1,1,1,1,1,1,1,1,1,1,1,1
2025-08-15,1,1,0,0,0,0,0,0,0,0,1,1,0,1,1,0,0,0,1,0,1,1,0,1,1,0
2025-09-11,0,0,0,0,0,0,0,1,0,0,0,0,0,0,0,0,0,0,0,0,0,0,0,0,0,0
2025-09-13,0,0,0,0,0,0,0,0,0,0,0,0,0,0,0,0,0,0,0,0,0,0,0,0,0,1
2025-09-14,0,0,0,0,0,0,0,0,0,0,0,0,0,0,0,0,0,0,0,0,0,0,0,0,0,1
2025-09-22,0,0,0,0,0,0,0,0,0,0,0,0,0,0,0,0,0,0,0,0,0,0,1,0,0,0
2025-09-25,0,0,0,0,0,0,0,0,0,0,0,0,0,0,1,0,0,0,0,0,0,0,0,0,0,0
2025-11-01,1,1,0,0,0,0,0,0,1,0,1,1,0,1,1,1,0,0,1,0,1,1,0,1,1,0
2025-12-08,1,1,0,0,0,0,0,0,0,0,0,1,0,1,1,0,0,0,1,0,1,1,0,1,1,0
2025-12-25,1,1,1,1,1,1,1,1,1,1,1,1,1,1,1,1,1,1,1,1,1,1,1,1,1,1
2025-12-26,1,1,1,1,1,1,0,0,1,1,0,1,0,0,0,1,1,0,1,1,1,1,0,0,0,1
2025-12-31,0,0,0,0,0,0,0,1,0,0,0,0,0,0,0,0,0,0,0,0,0,0,0,0,0,0
